2026-10-06T23:22:29	/kategorija/prosa-393/	9ebb791717122716.html.gz
2026-10-06T23:22:32	/product/prosa-zelta-saule-1kg	0cefc2db762c8572.html.gz
2026-10-06T23:22:35	/product/prosa-limor-800g	c8390acc7f6154fe.html.gz
2026-10-06T23:22:38	/product/prosa-nasa-kasa-900g	af3eea4c68f218e7.html.gz
2026-10-06T23:22:41	/product/prosa-valdo-4x125g	3c7e95c59ca392ec.html.gz
2026-10-06T23:22:45	/product/prosas-putraimi-valdo-1kg	2d7b305dc7557ce5.html.gz
2026-10-06T23:22:48	/product/prosas-putraimi-valdo-500g	f9ef5db1ab459f25.html.gz
2026-10-06T23:22:51	/product/prosas-putraimi-rimi-free-from-375g	7291a4c5cfd0b185.html.gz
2026-10-06T23:22:55	/product/prosa-zelta-saule-100gx4	b86364e2ccf73d65.html.gz
2026-10-06T23:22:58	/product/bio-prosa-super-garden-500g	3e44ea808f714152.html.gz
2026-10-06T23:23:04	/kategorija/brunie-risi-174/	a2350f3a7e0e2097.html.gz
2026-10-06T23:23:08	/product/risi-valdo-parboiled-faseti-1kg	9f22dd915d4547fc.html.gz
2026-10-06T23:23:11	/product/brunie-risi-well-done-500g	51c07c31fae9eb94.html.gz
2026-10-06T23:23:14	/product/brunie-risi-well-done-4x100g	f06c3c8768ebe6b6.html.gz
2026-10-06T23:23:17	/product/risi-valdo-parboiled-500g	df67c2815268d6ec.html.gz
2026-10-06T23:23:20	/product/risi-valdo-brunie-4x125g	3966a24bfa9a4db8.html.gz
2026-10-06T23:23:24	/product/risi-bosto-brunie-4x125g	dc37d4a06cea8cef.html.gz
2026-10-06T23:23:27	/product/risi-valdo-parboiles-0-5kg-4x125g	58b7ac22c6d174ad.html.gz
2026-10-06T23:23:30	/product/herkuless-gourmet-brunie-pilngraudu-risi-0-5kg	347f386d92f9a3dc.html.gz
2026-10-06T23:23:34	/product/brunie-risi-rimi-greatlife-4x100g	15cd7f95e52f33f3.html.gz
2026-10-06T23:23:37	/product/risi-melnie-pilngraudu-2kg	fc72e8d62885eace.html.gz
2026-10-06T23:23:41	/product/risi-sarkanie-pilngraudu-500g-just-nature	4130b9dffd0d902b.html.gz
2026-10-06T23:23:44	/product/risi-melnie-pilngraudu-500g-just-nature	0e3a86d3bdda7142.html.gz
2026-10-06T23:23:47	/product/pilngraudu-brunie-risi-tilda-500g	b3e4cc817cee6594.html.gz
2026-10-06T23:23:51	/product/risi-tilda-pilngraudu-brunie-500g	5b8fad55b20f8e12.html.gz
2026-10-06T23:23:54	/kategorija/bulgurs-173/	42722868d7d650f8.html.gz
2026-10-06T23:23:57	/product/bulgurs-just-nature-500g	d5521eda5dbd58d9.html.gz
2026-10-06T23:24:00	/product/bulgurs-valdo-videja-maluma-500g-4-125g	9f9db06e4dc1f698.html.gz
2026-10-06T23:24:04	/product/bulgurs-valdo-videja-maluma-500g	62c959e56b92b401.html.gz
2026-10-06T23:24:08	/product/bulgurs-buon-gusto-350g	f53a926d0c4ed4b7.html.gz
2026-10-06T23:24:11	/product/bulgurs-well-done-4x100g	36f9aa47c171a955.html.gz
2026-10-06T23:24:15	/product/bulgurs-rimi-400g	c768d129092d9ac0.html.gz
2026-10-06T23:24:18	/product/brunais-pilngraudu-bulgurs-rimi-400g	92de7d41f1601326.html.gz
2026-10-06T23:24:21	/product/rupjais-bulgurs-valdo-4x125g	6495afc6952e57c9.html.gz
2026-10-06T23:24:25	/kategorija/kuskuss-354/	e86faad38fe83b0f.html.gz
2026-10-06T23:24:28	/product/kuskuss-1kg-123434	70e10af58e9787da.html.gz
2026-10-06T23:24:31	/product/perlu-kuskuss-1kg	93a3599793414780.html.gz
2026-10-06T23:24:34	/product/kuskuss-1kg	31f0a96b12dbaee9.html.gz
2026-10-06T23:24:38	/product/kuskuss-rimi-smart-moyen-300g	8ff54425926009ac.html.gz
2026-10-06T23:24:41	/product/kuskuss-just-nature-400g	12c5400bcf178536.html.gz
2026-10-06T23:24:44	/product/kuskuss-valdo-4x125g	cb72878589eeb0db.html.gz
2026-10-06T23:24:47	/product/kuskuss-rimi-planet-500g	d78e0f4c05009134.html.gz
2026-10-06T23:24:51	/product/kuskuss-perlu-400g-just-nature	67f2f5659b23f9ba.html.gz
2026-10-06T23:24:54	/product/kuskuss-well-done-400g	b49a6656b6f28a41.html.gz
2026-10-06T23:24:58	/product/kuskuss-bio-400g-just-nature	b8588c32b418376a.html.gz
2026-10-06T23:25:01	/product/kuskuss-pasta-zara-500g	aeb38b2be90c9278.html.gz
2026-10-06T23:25:04	/product/kuskuss-perllu-triskrasu-yamna-900g	0d988871b683428a.html.gz
2026-10-06T23:25:08	/product/perlu-kuskuss-melvit-trendy-lunch-4x100g	a9fe9d424ea8aaea.html.gz
2026-10-06T23:25:11	/kategorija/musli-156/	562a68481c2ad4a3.html.gz
2026-10-06T23:25:15	/product/musli-rimi-smart-ar-zavetiem-augliem-1kg	a7b857dcd2dc6847.html.gz
2026-10-06T23:25:18	/product/muslis-herkuless-active-fit-krauksk-ar-zemenem-mandelem-350g	19fb3f5cea369c16.html.gz
2026-10-06T23:25:22	/product/musli-herkuless-active-fit-crunchy-choco-nuts-350g	f486bf3925277e97.html.gz
2026-10-06T23:25:25	/product/granola-herkuless-ar-zemenem-350g	ce2e7d55ada7cf48.html.gz
2026-10-06T23:25:28	/product/musli-rimi-ar-riekstiem-un-augliem-350g	730d3298f527b152.html.gz
2026-10-06T23:25:31	/product/musli-rimi-grauzdets-ar-riekstiem-375g	052074586a7960b3.html.gz
2026-10-06T23:25:35	/product/grauzdets-muslis-rimi-ar-kvinoju-un-avenem-350g	505b041463985f8f.html.gz
2026-10-06T23:25:38	/product/musli-graci-funkcionalais-energiskais-400g	16e1cbfb6a769d6b.html.gz
2026-10-06T23:25:41	/product/musli-graci-funkcionalais-tievais-400g	cfaaac34116129df.html.gz
2026-10-06T23:25:45	/product/musli-rimi-extra-triple-choco-375g	2bc816de77f5444e.html.gz
2026-10-06T23:25:48	/product/musli-rimi-extra-ar-augliem-un-ogam-375g	f1543908226fa876.html.gz
2026-10-06T23:25:51	/product/musli-graci-ar-riekstiem-cilindra-500g	7fab97241d89b54f.html.gz
2026-10-06T23:25:54	/product/musli-amazing-ar-seklam-graci-400g	b4b7f87be9429228.html.gz
2026-10-06T23:25:58	/product/musli-graci-funkcionalais-vieglais-300g	262963085ba40125.html.gz
2026-10-06T23:26:01	/product/musli-graci-funkcionalais-skaistumam-300g	1aa15de90bdee468.html.gz
2026-10-06T23:26:05	/product/muslis-graci-ar-rupjmaizes-kartojuma-garsu-350g	f3c705cdbd2e7ddc.html.gz
2026-10-06T23:26:08	/product/musli-smalkais-muslis-prieka-maisijums-500g	eac0c76d1a78531e.html.gz
2026-10-06T23:26:11	/product/musli-smalkais-muslis-harmonijas-maisijums-500g	50d98fbc6d5a27f6.html.gz
2026-10-06T23:26:14	/product/funkcionalais-musli-thin-graci-300g	64908182200b2b12.html.gz
2026-10-06T23:26:18	/product/diedzetu-griku-muslis-ar-kokosriekstiem-bio-200g-griksi	006940075e4122ce.html.gz
2026-10-06T23:26:22	/kategorija/maizes-aizvietotaji-un-citi-miltu-izstradajumi-648/	b06fc3a8494f6b15.html.gz
2026-10-06T23:26:25	/kategorija/maize-646/	9799379b00010dbf.html.gz
2026-10-06T23:26:28	/product/galetes-ustukiu-kviesu-ar-sezamu-un-juras-sali-100g	40a43fb9b54b53a3.html.gz
2026-10-06T23:26:32	/product/galetes-tautas-kviezu-zemenu-95g	28790ac68c013fab.html.gz
2026-10-06T23:26:35	/kategorija/kartupeli-616/	7ad74254f154e0d2.html.gz
2026-10-06T23:26:38	/kategorija/darzeni-577/	405c3dbbc1b3c160.html.gz
2026-10-06T23:26:42	/kategorija/darzeni-577/?lapa=2	c8beaf85f0830bfe.html.gz
2026-10-06T23:26:45	/product/saldie-kartupeli-batates-kg	ca6a09bd2707da9a.html.gz
2026-10-06T23:26:48	/kategorija/lecas-353/	89151680fad4c51b.html.gz
2026-10-06T23:26:51	/kategorija/paksaugi-645/	8dcbd1ad3439e855.html.gz
2026-10-06T23:26:55	/product/lecas-sarkanas-skeltas-3kg	b7b43b7553e564dd.html.gz
2026-10-06T23:26:58	/product/lecas-sarkanas-nelobitas-1kg-just-nature	f06dcee25c7d1aa9.html.gz
2026-10-06T23:27:01	/product/lecas-sarkanas-sezer-900g	023b8971425a4522.html.gz
2026-10-06T23:27:04	/product/sarkanas-lecas-well-done-400g	9ecdb5bbeb56e3fa.html.gz
2026-10-06T23:27:07	/product/lecas-just-nature-sarkanas-skeltas-500g	239083d6c82f19b4.html.gz
2026-10-06T23:27:11	/product/lecas-just-nature-sarkanas-nelobitas-500g	09a804d53f2bb5aa.html.gz
2026-10-06T23:27:14	/product/sarkanas-lecas-skeltas-rimi-400g	10c3368262544dcc.html.gz
2026-10-06T23:27:18	/product/ekologiskas-skeltas-sarkanas-lecas-salling-eko-400g	f3c38c2902cafab2.html.gz
2026-10-06T23:27:21	/product/bio-sarkanas-lecas-super-garden-500g	89fd504e2218ff3b.html.gz
2026-10-06T23:27:25	/product/lecas-zalas-skaneja-500g	697bb598f8c0d8db.html.gz
2026-10-06T23:27:28	/product/zalas-lecas-well-done-400g	ae5643aad6417866.html.gz
2026-10-06T23:27:32	/product/lecas-valdo-dzeltenas-skeltas-500g	d8476011faf24d86.html.gz
2026-10-06T23:27:35	/product/lecas-melnas-buon-gusto-350g	592f15bf784afbb0.html.gz
2026-10-06T23:27:38	/product/lecas-dzeltenas-buon-gusto350g	06c02a48c02c5f57.html.gz
2026-10-06T23:27:41	/product/ekologiskas-zalas-lecas-salling-eko-400g	eef7de31841d7cf9.html.gz
2026-10-06T23:27:45	/product/lecas-bonduelle-vapeur-310g-265g	71e7892b0c9d0954.html.gz
2026-10-06T23:27:48	/product/brunas-lecas-activus-bio-150g	7ea77e54752de930.html.gz
2026-10-06T23:27:51	/kategorija/skeltie-zirni-384/	0801718099974c84.html.gz
2026-10-06T23:27:55	/product/zirni-fasma-skeltie-800g	568976a486190d63.html.gz
2026-10-06T23:27:58	/product/skeltie-zirni-extra-line-800g	f222195ab418a32c.html.gz
2026-10-06T23:28:01	/product/skeltie-zirni-rimi-smart-800g	fd3e2863137c9a64.html.gz
2026-10-06T23:28:05	/product/zirnn-skeltie-limor-800g	e6d8afb7a5763021.html.gz
2026-10-06T23:28:08	/product/zirni-ariadna-slipetie-skeltie-800g	6d46429815054a9e.html.gz
2026-10-06T23:28:11	/product/zirni-dzeltenie-nasa-kasa-skelti-900g	da40ba880f991658.html.gz
2026-10-06T23:28:15	/product/dzeltenie-zirni-zelta-saule-skeltie-1kg	154912598c812459.html.gz
2026-10-06T23:28:18	/product/zalie-skeltie-zirni-buon-gusto-350g	448684e6f0b22d81.html.gz
2026-10-06T23:28:21	/product/zirni-extra-line-800g	1fba28e1f99837c1.html.gz
2026-10-06T23:28:24	/product/zirni-zelta-saule-pelekie-1kg	df0de3db4ef6a07a.html.gz
2026-10-06T23:28:28	/product/zirni-pelekie-valdo-1kg	3d430dca64277c8b.html.gz
2026-10-06T23:28:31	/product/turku-zirni-just-nature-500g	41bb0515fed78af4.html.gz
2026-10-06T23:28:34	/product/aunazirni-well-done-500g	b96f4009f78d1def.html.gz
2026-10-06T23:28:38	/product/turku-zirni-sezero-900g	6206171d8f186679.html.gz
2026-10-06T23:28:41	/product/turku-zirni-rimi-planet-400g	2940b6f37fe12fc8.html.gz
2026-10-06T23:28:45	/product/aunazirni-rimi-variti-250g	267ad6f1207c8619.html.gz
2026-10-06T23:28:48	/kategorija/konservetas-pupinas-259/	a5ea3717514eda11.html.gz
2026-10-06T23:28:52	/kategorija/konservetas-pupinas-259/?lapa=2	b97fac2bf803272a.html.gz
2026-10-06T23:28:55	/product/konservetas-baltas-pupinas-extra-line-400g	c388a1c0ba497966.html.gz
2026-10-06T23:28:59	/product/pupinas-fiorino-sviesta-400g	ecad2662dbfacd3d.html.gz
2026-10-06T23:29:02	/product/pupinas-baltas-taste-land-400g-240-g	cccc42f3117d6d9e.html.gz
2026-10-06T23:29:06	/product/konservetas-baltas-pupinas-rimi-smart-400-240g	f10f702e86fab8d1.html.gz
2026-10-06T23:29:09	/product/konservetas-pupinas-borlotti-well-done-400g	b53a6c25f3f0be1c.html.gz
2026-10-06T23:29:12	/product/konserv-pupinas-valdo-sviesta-400g	83ef1e742e20bd1e.html.gz
2026-10-06T23:29:15	/product/ekologiskas-cannellini-pupinas-well-done-420g	00d802e096be094b.html.gz
2026-10-06T23:29:19	/product/baltas-pupinas-cidacos-570g	839965ef778e2070.html.gz
2026-10-06T23:29:22	/product/sviesta-pupinas-rimi-400g-240g	28ca26dbc353b983.html.gz
2026-10-06T23:29:25	/product/ekologiskas-konservetas-melnas-pupinas-salling-eko-420g-252g	82fbb65b66e61feb.html.gz
2026-10-06T23:29:29	/product/lecas-rimi-400g-240g	804a9ba3f3531c92.html.gz
2026-10-06T23:29:32	/product/pupinu-maisijums-rimi-cetri-veidi-400g-240g	3aa90c62f52ac95c.html.gz
2026-10-06T23:29:36	/product/tvaicet-pupinas-canellini-well-done-150g	9f13c382bb21f34e.html.gz
2026-10-06T23:29:39	/product/sarkanas-pupinas-globus-vakuuma-326g	8b3c61f8c395ab53.html.gz
2026-10-06T23:29:42	/product/sviesta-pupinas-blik-400g-240g	73f81d802cf6ec56.html.gz
2026-10-06T23:29:45	/product/sviesta-pupinas-globus-tvaicetas-326g	213102388b0a7048.html.gz
2026-10-06T23:29:48	/product/baltas-sviesta-pupinas-globus-326g-285g	10c324744527bf77.html.gz
2026-10-06T23:29:52	/product/tvaicetas-sarkanas-pupinas-bonduelle-vapeur-310g	71519ee70b461cd3.html.gz
2026-10-06T23:29:55	/product/mung-pupinu-digsti-udeni-370ml-180g-mikado	ccb6fea770b6475b.html.gz
2026-10-06T23:29:58	/product/sojas-pupinas-edamame-ristoris-bio-200g-130g	ff10844761371fd9.html.gz
2026-10-06T23:30:02	/kategorija/konserveti-turku-zirni-265/	cb14daba0d058cfc.html.gz
2026-10-06T23:30:05	/product/turku-zirni-fiorino-400g	ca07780ace241db4.html.gz
2026-10-06T23:30:08	/product/konserveti-turku-zirni-kok-400g	a0d2bc3724d7f543.html.gz
2026-10-06T23:30:12	/product/konserveti-aunazirni-extra-line-330-g	8c4ea4c963376f01.html.gz
2026-10-06T23:30:15	/product/turku-zirni-konserveti-taste-land-400g-240g	d8f3f9b2a6814575.html.gz
2026-10-06T23:30:19	/product/turku-zirni-rimi-400g-240g	0531bc3a9f291bc0.html.gz
2026-10-06T23:30:22	/product/ekologiskie-aunazirni-well-done-425g	25523581cb6745fd.html.gz
2026-10-06T23:30:25	/product/konserveti-turku-zirni-well-done-330g	321d38ecd4409d72.html.gz
2026-10-06T23:30:28	/product/ekologiski-konserveti-aunazirni-salling-eko-400g-240g	f44f74ffd7a52070.html.gz
2026-10-06T23:30:32	/product/zirni-dimdini-turku-variti-250g	a60454f87d54c048.html.gz
2026-10-06T23:30:35	/product/turku-zirni-ristoris-800g-480g	54d55cb1e5e02d38.html.gz
2026-10-06T23:30:39	/product/tvaiceti-aunazirni-well-done-150g	4293022cb10ddf69.html.gz
2026-10-06T23:30:42	/product/turku-zirnisi-cidacos-570g-400g	661a0f39bf83e6ef.html.gz
2026-10-06T23:30:46	/product/turku-zirni-ristoris-2-5kg-1-5kg	185461c1c6f23dfe.html.gz
2026-10-06T23:30:49	/product/turku-zirni-tvaiceti-vapeur-bonduelle310g-265g	97ab08c4e6271797.html.gz
2026-10-06T23:30:53	/product/turku-zirni-bonduelle-2-55-2-1-kg	418ec0741fcce128.html.gz
2026-10-06T23:30:56	/product/turku-zirni-sous-vide-bonduelle-620-530g	38627365a7a1e949.html.gz
2026-10-06T23:30:59	/product/aunazirni-globus-vakuuma-iepakojuma-140g	c95ac70a53278eb0.html.gz
2026-10-06T23:31:03	/product/zirnisi-turku-240g-425ml	750d3b072191c1ab.html.gz
2026-10-06T23:31:06	/kategorija/tofu-siers-614/	f0ed85f8ddaf109b.html.gz
2026-10-06T23:31:09	/product/dabigais-tofu-lunter-180g	f2809642e83ddd19.html.gz
2026-10-06T23:31:12	/product/kupinats-tofu-lunter-180g	2370a05944b68eb6.html.gz
2026-10-06T23:31:16	/product/marinets-tofu-lunter-180g	ff1e201e81732621.html.gz
2026-10-06T23:31:19	/product/bio-tofu-dabigais-berief-2x200g	10df6bcf688bbc92.html.gz
2026-10-06T23:31:23	/product/sojas-tofu-berief-dabigais-bio-400g	d291aa5f67f8737d.html.gz
2026-10-06T23:31:26	/product/tofu-berief-sojas-kupinats-350g	7a04cf58c900ab72.html.gz
2026-10-06T23:31:30	/product/zidains-tofu-morinaga-307g	2c4b3c3411edfb39.html.gz
2026-10-06T23:31:33	/product/tofu-smerins-ar-maurlokiem-lunter-140g	c1ab8fab9f717c14.html.gz
2026-10-06T23:31:36	/kategorija/augu-izcelsmes-gala-250/	8fa2b02bec7cb7e5.html.gz
2026-10-06T23:31:40	/kategorija/vegetars-578/	97bafb5cf025f627.html.gz
2026-10-06T23:31:43	/product/sojas-gabalini-just-nature-300g	a1f839e2cda72db9.html.gz
2026-10-06T23:31:46	/product/vistas-filejas-tipa-sojas-steiki-like-meat-180g	d81f675f6dde76dd.html.gz
2026-10-06T23:31:50	/product/veganiskie-sojas-un-kviesu-olbaltumvielu-placenisi-garden-gourmet-150g	5e5450d99331fa3a.html.gz
2026-10-06T23:31:53	/product/saldetas-veganiskas-desinas-uz-sojas-bazes-plnt-ar-liellopa-galas-garsu-4x40g-160g	8be9450205d6aa44.html.gz
2026-10-06T23:31:56	/kategorija/piens-638/	8838539e1e5224ea.html.gz
2026-10-06T23:32:00	/kategorija/cala-skinki-604/	31bd7e935cf9d894.html.gz
2026-10-06T23:32:03	/kategorija/vistas-gala-710/	7bf442f440509b36.html.gz
2026-10-06T23:32:06	/kategorija/svaiga-putnu-gala-707/	dc84b3c9bf754b65.html.gz
2026-10-06T23:32:09	/product/titara-fileja-rimi-svaiga-a-skira-fas	68385b24a309d35e.html.gz
2026-10-06T23:32:13	/product/titara-krutinas-fileja-rimi-skeles-360g	77ed4408212d53c7.html.gz
2026-10-06T23:32:16	/product/titara-filejas-eskalops-atdz-vak-1-2kg-francija	1801e85a90aa2c0d.html.gz
2026-10-06T23:32:19	/kategorija/liellopa-steiks-1108/	133fa8034e94e828.html.gz
2026-10-06T23:32:22	/product/liellopa-steiks-feel-the-beef-dry-aged-chuck-eye-400g	1794debfd8159a27.html.gz
2026-10-06T23:32:26	/product/liellopa-sanu-steiks-flank-steak-atdz-vak-0-5-kg-namibija	771d16a0832e858b.html.gz
2026-10-06T23:32:29	/product/briedinats-liellopa-rump-steiks-well-done-220g	bd3c1422a59282c8.html.gz
2026-10-06T23:32:32	/product/briedinats-liellopa-plecu-galas-steiks-well-done-220g	9ece305f2ed0da4b.html.gz
2026-10-06T23:32:36	/product/liellopa-antrekota-steiks-rimi-200g	3753b42c68d55503.html.gz
2026-10-06T23:32:39	/product/liellopa-rumpsteiks-rimi-200g	ed984e4d5b0bf20e.html.gz
2026-10-06T23:32:42	/product/briedinats-filejas-steiks-well-done-240g	11c0eb71e9304974.html.gz
2026-10-06T23:32:46	/product/rib-steiks-ar-kaulu-nogatavinats-400g-saldets	bfc86975cf6d71d1.html.gz
2026-10-06T23:32:49	/product/briedin-antrekota-steiks-well-done-240g	a87f04fa3bb87c9b.html.gz
2026-10-06T23:32:53	/product/liellopa-steiks-dry-aged-entrecote-biovela-220g	c86111f025c40edb.html.gz
2026-10-06T23:32:56	/product/liellopa-steiks-feel-the-beef-dry-aged-strip-220g	6ee7358faa3c035a.html.gz
2026-10-06T23:32:59	/product/liellopa-filejas-steiks-well-done-premium-bez-kaula-220g	972fcad7e817f49e.html.gz
2026-10-06T23:33:03	/product/liellopa-galas-antrekota-steiks-well-done-premium-bez-kaula-220g	3fae0cb851f3a3cc.html.gz
2026-10-06T23:33:06	/product/liellopa-galas-steiks-new-york-bv-240g	1c4f37042ba02e09.html.gz
2026-10-06T23:33:09	/product/liellopa-galas-steiks-rib-eye-bv-240-g	76149100fd777e7e.html.gz
2026-10-06T23:33:12	/product/liellopu-galas-steiks-black-angus-220g	4e561ddbde247a89.html.gz
2026-10-06T23:33:15	/product/liellopa-steiks-nogatavinats-60d-strip-220g	fb8b0f1687c5c0d0.html.gz
2026-10-06T23:33:19	/product/liellopa-steiks-feel-the-beef-dry-aged-rib-eye-260g	2fbac019fcc153fc.html.gz
2026-10-06T23:33:22	/product/liellopa-steiks-nogatavinats-60d-tenderloin-200g	9763177c1e58f2bb.html.gz
2026-10-06T23:33:25	/product/liellopa-steiks-feel-the-beef-strip-marble-220g	503b42b4adcc9345.html.gz
2026-10-06T23:33:29	/kategorija/konservets-tuncis-258/	68cf3048480cb1b8.html.gz
2026-10-06T23:33:32	/kategorija/konservets-tuncis-258/?lapa=2	8c8cc7c91b4672bd.html.gz
2026-10-06T23:33:35	/product/sasmalcinata-tunzivs-salijuma-rimi-smart-185g-130g	4c6b77866825f9a5.html.gz
2026-10-06T23:33:39	/product/sendvica-tuncis-sava-sula-blik-185g	5ba7e7e0dd4e5c86.html.gz
2026-10-06T23:33:42	/product/tunzivs-rimi-smart-sasmalcinata-sava-sula-425g-298g	c25a38f276e5cd0a.html.gz
2026-10-06T23:33:46	/product/tunca-gabalini-sava-sula-1705g-1260g-gemoss-collection	880e1205020e066b.html.gz
2026-10-06T23:33:49	/product/tuncis-sava-sula-mikado-gabalini-185-g	b06b424503549c75.html.gz
2026-10-06T23:33:53	/product/tunca-gabalini-sava-sula-185g	3bf68cf9877a9da9.html.gz
2026-10-06T23:33:56	/product/tunca-gabalini-sava-sula-185g-130g-gemoss-collection	d02ced362cac08df.html.gz
2026-10-06T23:34:00	/product/tuncis-john-west-gabalinos-sava-sula-145g	b60f20c0dd9f0d70.html.gz
2026-10-06T23:34:03	/product/tunzivs-steiks-mamos-konservai-sava-sula-185g	666c72ba8b36702f.html.gz
2026-10-06T23:34:07	/product/tunzivs-dzeltenspuru-gabalini-chunks-sava-sula-160g-s-s-112g-rosa-dei-venti	a0da287512e58838.html.gz
2026-10-06T23:34:10	/product/dzeltenspuru-tunzivs-gabalini-sava-sula-well-done-2x120g	20f513c59583a026.html.gz
2026-10-06T23:34:13	/product/tunca-steiks-sava-sula-calvo-160g	71782882a755b311.html.gz
2026-10-06T23:34:17	/product/tuncis-sava-sula-calvo-3x80g	0fce763dfbe1c4bc.html.gz
2026-10-06T23:34:20	/product/tuncis-rio-mare-sava-sula-2x160g-108g	ec3de0c42f1a64c0.html.gz
2026-10-06T23:34:24	/product/tunzivs-fileja-rimi-sava-sula3x80g-3x56g	5058c6f11403beca.html.gz
2026-10-06T23:34:27	/product/tunca-steiks-jw-sava-sula-160g-112g	7900af33e18f734d.html.gz
2026-10-06T23:34:30	/product/tuncis-rio-mare-sava-sula-3x80g	57a2f1caa72a5963.html.gz
2026-10-06T23:34:34	/product/tuncis-vigilante-sava-sula-3x80g-3x52g	14914c0ba62cbc4c.html.gz
2026-10-06T23:34:37	/product/tuncis-rio-mare-sava-sula-3-1-320g-224g	7098e29484bc3b3c.html.gz
2026-10-06T23:34:40	/product/tunzivs-selection-sava-sula-msc-200g-140g	d203a8eb5bca132b.html.gz
2026-10-06T23:34:44	/kategorija/grieku-jogurts-204/	5cf347e03b0a46dc.html.gz
2026-10-06T23:34:47	/kategorija/jogurts-205/	822924d2726bf05e.html.gz
2026-10-06T23:34:50	/kategorija/jogurts-205/?lapa=2	8175a7b6bf068a0f.html.gz
2026-10-06T23:34:53	/kategorija/jogurts-205/?lapa=3	1db30d6e29211a9d.html.gz
2026-10-06T23:34:57	/kategorija/graudainais-biezpiens-210/	f177c0b81c3bdb0b.html.gz
2026-10-06T23:35:00	/kategorija/graudainais-biezpiens-210/?lapa=2	fa84063ff98d58dd.html.gz
2026-10-06T23:35:03	/product/graudainais-biezpiens-farm-milk-5-500g	449e7c66cb3c358b.html.gz
2026-10-06T23:35:07	/product/graudainais-biezpiens-rimi-smart-5-200g	d67bc5a23a1ed3d4.html.gz
2026-10-06T23:35:10	/product/biezpiens-well-done-9-kg	7e8bea4362d1f671.html.gz
2026-10-06T23:35:14	/product/biezpiens-farm-milk-0-2-250g	2be3c98245417411.html.gz
2026-10-06T23:35:17	/product/biezpiens-well-done-0-5-500g	69214e527ac21083.html.gz
2026-10-06T23:35:21	/product/graud-biezpiens-smiltene-9-800-g	37c20bb98b429525.html.gz
2026-10-06T23:35:24	/product/biezpiens-5-jaunpils-275g	bf6dbfc0194f6a32.html.gz
2026-10-06T23:35:27	/product/biezpiens-farm-milk-8-250g	b0acb5916709474c.html.gz
2026-10-06T23:35:31	/product/biezpiens-jaunpils-pilnpiena-9-275g	8cf6589aac9ca239.html.gz
2026-10-06T23:35:34	/product/pilnpiena-biezpiens-straupe-9-1kg	57b7391a6167362a.html.gz
2026-10-06T23:35:38	/product/biezpiens-baltais-exporta-9-pilnpiena-250g	67d98313813bfb96.html.gz
2026-10-06T23:35:41	/product/graudainais-biezpiens-0-5-smiltene-400g	fb120bd0acd0b41c.html.gz
2026-10-06T23:35:44	/product/biezpiens-tip-top-9-400g	d190c7ead556201c.html.gz
2026-10-06T23:35:48	/product/biezpiens-smiltene-graudainais-9-400g	4bfd819a4f7cdb03.html.gz
2026-10-06T23:35:51	/product/biezpiens-tip-top-graudainais-9-185g	4baf2b52f5bbe038.html.gz
2026-10-06T23:35:54	/product/biezpiens-zemaitijos-9-1kg	af96457f549f410a.html.gz
2026-10-06T23:35:58	/product/biezpiens-graudainais-7-annele-350g	5d1051091a4fc5a1.html.gz
2026-10-06T23:36:01	/product/graudainais-biezpiens-smiltene-0-5-200g	b799c8cdd3bef6c4.html.gz
2026-10-06T23:36:04	/product/vajpiena-biezpiens-straupe-0-5-400g	14ae5b87b98923d5.html.gz
2026-10-06T23:36:08	/product/biezpiens-valmiera-lielgraudu-5-185g	8d0cb2cb2e6b0227.html.gz
2026-10-06T23:36:11	/kategorija/riekstu-krems-154/	b049a801ce87aa9a.html.gz
2026-10-06T23:36:14	/product/zemesriekstu-krems-pauze-creamy-340g	3763b2afea1571dd.html.gz
2026-10-06T23:36:18	/product/zemesriekstu-krems-rimi-smart-kremigais-350g	2e671009e538b73e.html.gz
2026-10-06T23:36:21	/product/zemesriekstu-krems-rimi-smart-crunchy-350g	62f3eeb6a949e2f7.html.gz
2026-10-06T23:36:24	/product/zemesriekstu-krems-well-done-creamy-300g	88e206e1ba769a3f.html.gz
2026-10-06T23:36:28	/product/zemesriekstu-krems-pauze-crunchy-340g	c6f4442c1e22f2ba.html.gz
2026-10-06T23:36:31	/product/kraukskigs-zemesriekstu-krems-rimi-1kg	509996f46dcb9657.html.gz
2026-10-06T23:36:34	/product/zemesriekstu-sviests-nutego-kremigais-250g	729085dfbd85607e.html.gz
2026-10-06T23:36:38	/product/zemesriekstu-sviests-nutego-klasiskais-250g	74b0c4af8a1bc2b2.html.gz
2026-10-06T23:36:41	/product/proteina-grauzdetu-zemesriekstu-krems-go-on-180g	bc03915bf401caf4.html.gz
2026-10-06T23:36:44	/product/zemesriekstu-sviests-nutego-classic-kremigais-30g	e8a821d36ec27036.html.gz
2026-10-06T23:36:47	/kategorija/rieksti-798/	f9bd51f4d1679366.html.gz
2026-10-06T23:36:51	/kategorija/citi-rieksti-139/	5f12a0ef7dccee07.html.gz
2026-10-06T23:36:54	/kategorija/valrieksti-800/	33f7d547421156cc.html.gz
2026-10-06T23:36:57	/product/valrieksti-alis-co-caumala-300g	229c5f2bb5b34539.html.gz
2026-10-06T23:37:01	/product/valrieksti-alis-co-lobiti-500g	e9ce4bde5bfc35ae.html.gz
2026-10-06T23:37:04	/product/valrieksti-well-done-lobiti-500g	09d4b15ddfa0fc1b.html.gz
2026-10-06T23:37:07	/product/valrieksti-lobiti-extra-line-150g	3ddfdbf6c06c0f68.html.gz
2026-10-06T23:37:10	/product/valrieksti-arimex-tiriti-300g	3a23c3a8828a93ae.html.gz
2026-10-06T23:37:14	/product/valrieksti-arimex-500g	2308d8295481fa6f.html.gz
2026-10-06T23:37:17	/product/valrieksti-lobiti-alis-co-200g	dbec7950fc3e8eda.html.gz
2026-10-06T23:37:20	/product/valriekstu-pusites-40-1kg	70d800d575376a5e.html.gz
2026-10-06T23:37:24	/product/valrieksti-well-done-lobiti-200g	1d5a0c670f46c7ac.html.gz
2026-10-06T23:37:27	/product/valrieksti-rimi-700g	add1017db2db4299.html.gz
2026-10-06T23:37:30	/product/valriekstu-pusites-80-1kg	8cf2f8b04e9d7420.html.gz
2026-10-06T23:37:34	/product/valrieksti-rimi-lobiti-kg	a002e572d15ca32d.html.gz
2026-10-06T23:37:37	/product/valrieksti-alis-100g	bdd808e02bf9bde7.html.gz
2026-10-06T23:37:40	/product/valrieksti-pusites-30-smalcinati-70-1kg	9e42e05250967517.html.gz
2026-10-06T23:37:44	/product/valrieksti-zelta-rieksts-pusites-100g	5f4c84d4b44acb26.html.gz
2026-10-06T23:37:47	/product/valrieksti-arimex-100g	bab1a752150d0871.html.gz
2026-10-06T23:37:51	/product/valrieksti-o-nuts-150g	dc962baa1b9050a1.html.gz
2026-10-06T23:37:54	/product/valrieksti-arimex-organic-150g	d4960764f86551c5.html.gz
2026-10-06T23:37:57	/product/lobiti-valrieksti-rimi-150g	ee1008ac52f9c567.html.gz
2026-10-06T23:38:01	/product/lobiti-valrieksti-150g	4e324e01c4fbd0a4.html.gz
2026-10-06T23:38:04	/kategorija/mandeles-801/	d6b4fb6d407a3ad2.html.gz
2026-10-06T23:38:07	/product/mandeles-awake-attiriitas-400g	8ad6a4dc5cc431f4.html.gz
2026-10-06T23:38:11	/product/mandeles-extra-line-500g	7fd45a61c80ed974.html.gz
2026-10-06T23:38:14	/product/mandeles-arimex-800g	b990b6bbd344fb99.html.gz
2026-10-06T23:38:17	/product/mandeles-extra-line-150g	e7445c679d697656.html.gz
2026-10-06T23:38:21	/product/mandeles-arimex-100g	67a5fec0aaf79271.html.gz
2026-10-06T23:38:24	/product/mandeles-well-done-500g	70497862dcfeae0f.html.gz
2026-10-06T23:38:27	/product/mandeles-1kg	7beae30c4d58fc4f.html.gz
2026-10-06T23:38:31	/product/mandeles-arimex-500g	8c561e481d6338f8.html.gz
2026-10-06T23:38:34	/product/mandeles-well-done-200g	a6b2f841a8a0f626.html.gz
2026-10-06T23:38:37	/product/mandeles-awake-150g	a5c812cf5168e2c0.html.gz
2026-10-06T23:38:41	/product/mandeles-alis-co-120g	1917729db34363ce.html.gz
2026-10-06T23:38:44	/product/mandeles-alis-co-200g	998aaeae036385aa.html.gz
2026-10-06T23:38:48	/product/mandeles-500g	9d867dbb907cee0f.html.gz
2026-10-06T23:38:51	/product/mandeles-the-best-of-arimex-250g	a076f5693bfbe6b5.html.gz
2026-10-06T23:38:54	/product/mandeles-arimex-300g	0490fc6e953ebe8e.html.gz
2026-10-06T23:38:57	/product/mandeles-rimi-700g	5918056e2e38fb02.html.gz
2026-10-06T23:39:01	/product/mandeles-bio-80g	6caac6baf27e36a4.html.gz
2026-10-06T23:39:04	/product/mandeles-rimi-attiritas-150g	6c12883baad5c7c5.html.gz
2026-10-06T23:39:07	/product/mandelu-skaidinas-rimi-100g	98c8c119549cf298.html.gz
2026-10-06T23:39:11	/product/mandeles-seeberger-200g	a4563e2ca9ed77ab.html.gz
2026-10-06T23:39:14	/kategorija/lazdu-rieksti-799/	03325c590e84d84a.html.gz
2026-10-06T23:39:17	/product/lazdu-rieksti-nelobiti-300g	a71ffbefac3e9541.html.gz
2026-10-06T23:39:21	/product/lazdu-rieksti-extra-500g	b8f30062d7bcd99c.html.gz
2026-10-06T23:39:24	/product/lazdu-rieksti-o-nuts-150g	60cf5e8808aca3ce.html.gz
2026-10-06T23:39:27	/product/lazdu-rieksti-arimex-500g	bce31224a6197380.html.gz
2026-10-06T23:39:31	/product/lazdu-rieksti-grauzdeti-smalcinati-2-4mm-500g	df7c81e6e355d195.html.gz
2026-10-06T23:39:34	/product/lazdu-rieksti-extra-line-150g	fae61c185d93964f.html.gz
2026-10-06T23:39:37	/product/lazdu-rieksti-arimex-300g	400a0ae2680bafea.html.gz
2026-10-06T23:39:40	/product/rieksti-lazdu-lobiti-alis-co-120g	d5c41fa9eae37eb0.html.gz
2026-10-06T23:39:44	/product/lazdu-rieksti-13-15-1kg	afa45c841dff062e.html.gz
2026-10-06T23:39:47	/product/lazdu-rieksti-rimi-lobiti-kg	c10175338b63535d.html.gz
2026-10-06T23:39:50	/product/lazdu-rieksti-80g	0d18e98c012d6e89.html.gz
2026-10-06T23:39:54	/product/lazdu-rieksti-arimex-100g	bfb241151275661f.html.gz
2026-10-06T23:39:57	/product/lazdu-rieksti-well-done-200g	259cfc9b0a143a77.html.gz
2026-10-06T23:40:00	/product/lazdu-rieksti-bio-1kg	2b12a8f9012f281d.html.gz
2026-10-06T23:40:03	/product/lazdu-rieksti-alis-co-lobiti-300g	080b51348e48d39e.html.gz
2026-10-06T23:40:07	/product/lazdu-rieksti-bio-300g	5c48fefcdd7007a3.html.gz
2026-10-06T23:40:10	/product/lazdu-rieksti-blanseti-grauzdeti-80g	3172adf6baea0fe6.html.gz
2026-10-06T23:40:14	/product/lazdu-rieksti-blanseti-13-15-1kg	2d803e1e28a7b6e3.html.gz
2026-10-06T23:40:17	/product/lazdu-rieksti-awake-150g	9eb19ef95b783636.html.gz
2026-10-06T23:40:20	/kategorija/proteina-pulveris-816/	5b8847e988a8a3e8.html.gz
2026-10-06T23:40:24	/product/tirs-sukalu-proteins-ar-vanilas-garsu-iconfit-1000g	e56f70975058894a.html.gz
2026-10-06T23:40:28	/product/sukalu-proteins-iconfit-sokolades-1kg	eef21c245fb60943.html.gz
2026-10-06T23:40:31	/product/proteins-sukalu-80-zemenu-iconfit-1kg	ac24ccbbcb6e3ad2.html.gz
2026-10-06T23:40:34	/product/sukalu-proteins-ar-meza-zemenu-garsu-un-saldinatajiem-iconfit-1kg	91d8e4ab1d8fe4e5.html.gz
2026-10-06T23:40:38	/product/sukalu-proteins-zemesrieksti-iconfit-1kg	18b63b72456fdef5.html.gz
2026-10-06T23:40:41	/product/iconfit-dietiskais-sukalu-proteins-zemenu-1kg	63222ead55895503.html.gz
2026-10-06T23:40:45	/product/iconfit-dietiskais-sukalu-proteins-vanilas-1kg	f11123456a006c36.html.gz
2026-10-06T23:40:48	/product/iconfit-dietiskais-sukalu-proteins-sokolades-1kg	663a9a77cf7d3d6a.html.gz
2026-10-06T23:40:52	/product/gold-sukalu-proteins-vanilas-vplab-500g	dcd764106dec3ee5.html.gz
2026-10-06T23:40:55	/product/sukalu-proteina-pulveris-scitec-zemenu-garsa-920g	3792836bbfa24d52.html.gz
2026-10-06T23:40:58	/product/sukalu-proteina-pulveris-scitec-vanilas-un-ogu-garsa-920g	26c4ca6856ef1813.html.gz
2026-10-06T23:41:02	/product/sukalu-proteins-biotechusa-zemenu-garsa-28g	94862869e2ba826b.html.gz
2026-10-06T23:41:05	/product/vplab-vegan-protein-sokolades-garsa-500g	9581e2481d1d0d17.html.gz
2026-10-06T23:41:09	/product/vplab-vegan-protein-vanilas-garsa-500g	614a70f0915bd659.html.gz
2026-10-06T23:41:12	/kategorija/uztura-bagatinataji-996/	8753c1de85e47670.html.gz
2026-10-06T23:41:16	/kategorija/auzas-310/	217e9339d62561a1.html.gz
2026-10-06T23:41:19	/kategorija/auzas-310/?lapa=2	e83a566893d81b4e.html.gz
2026-10-06T23:41:22	/product/auzu-parslas-dobele-pilngraudu-1kg	484d8c185122ebfb.html.gz
2026-10-06T23:41:26	/product/parslas-auzu-slatava-2-5kg	e53adc364b92b294.html.gz
2026-10-06T23:41:29	/product/auzu-parslas-limor-400g	5a24433f64fdb10c.html.gz
2026-10-06T23:41:32	/product/auzu-parslas-herkuless-pilngraudu-1-5kg	d77d27f441da1a28.html.gz
2026-10-06T23:41:36	/product/auzu-parslas-extra-line-400g	cd3b83086b89c9b4.html.gz
2026-10-06T23:41:39	/product/auzu-parslas-rimi-smart-pilngraudu-400g	bf11bd0383f92d8d.html.gz
2026-10-06T23:41:42	/product/auzu-parslas-tip-top-400g	7d0bde6efd46add6.html.gz
2026-10-06T23:41:45	/product/auzu-parslas-dobele-pilngraudu-kart-500g	8731b5e3d80278b9.html.gz
2026-10-06T23:41:49	/product/parslas-rimi-4-graudu-500g	c912e22727f4fdae.html.gz
2026-10-06T23:41:52	/product/pilngraudu-auzu-parslas-well-done-500g	d59154c43b7426db.html.gz
2026-10-06T23:41:56	/product/pilngraudu-auzu-parslas-rimi-1kg	67c11fd4cd47247e.html.gz
2026-10-06T23:41:59	/product/auzu-parslas-dobele-500g	aa97f0f6c7234605.html.gz
2026-10-06T23:42:02	/product/miezu-parslas-dobele-500g	a6f898031e03c85c.html.gz
2026-10-06T23:42:05	/product/pilngraudu-auzu-parslas-dobele-eko-500g	9cdf8e5c7c2bfb7f.html.gz
2026-10-06T23:42:09	/product/pilngraudu-auzu-parslas-dobele-kartona-kastite-500g	e0e40972abc3cd1b.html.gz
2026-10-06T23:42:12	/product/pilngraudu-auzu-parslas-rimi-500g	e92195280f540023.html.gz
2026-10-06T23:42:15	/product/parslas-herkuless-4-graudu-500g	22d4a14474e7d56f.html.gz
2026-10-06T23:42:19	/product/4-graudu-parslas-herkuless-500g-94599	2a4c0721177f2ed4.html.gz
2026-10-06T23:42:22	/product/pilngraudu-auzu-parslas-rimi-bez-glutena-500g	5725270985790bc7.html.gz
2026-10-06T23:42:26	/product/pilgraudu-auzu-parslas-nordic-elovenajumbo-bez-glutena-500g	4c3c7d1cee1b568a.html.gz
2026-10-06T23:42:29	/kategorija/risi-171/	1e9fb308d7b2fc95.html.gz
2026-10-06T23:42:32	/kategorija/risi-171/?lapa=2	7f5ec9ae35943c25.html.gz
2026-10-06T23:42:36	/kategorija/risi-171/?lapa=3	354b27e682f2ccc6.html.gz
2026-10-06T23:42:39	/product/risi-rimi-smart-gargraudu-800g	d8182af478a66cc9.html.gz
2026-10-06T23:42:43	/product/risi-rimi-smart-gargraudu-4x100g	e640de4749728484.html.gz
2026-10-06T23:42:46	/product/riii-gargraudu-oriente-1kg	2eb17792254fabfd.html.gz
2026-10-06T23:42:49	/product/risi-gargraudu-limor-4x100g-400g	5142f162eb02d484.html.gz
2026-10-06T23:42:53	/product/risi-valdo-tvaiceti-1kg	9612594a480e09cf.html.gz
2026-10-06T23:42:56	/product/gargraudu-risi-rimi-8x100g	89476bf4d17574a3.html.gz
2026-10-06T23:43:00	/product/risi-valdo-apalie-4x125g	c28d37d0978aac20.html.gz
2026-10-06T23:43:03	/product/risi-valdo-ekstra-4x125g	887e41a669967cf4.html.gz
2026-10-06T23:43:06	/product/risi-dobele-apalgraudu-500g	f7344bdb9db52e83.html.gz
2026-10-06T23:43:09	/product/gargraudu-basmati-risi-rimi-planet-4x100g	53bff4ede323d74c.html.gz
2026-10-06T23:43:13	/product/risi-herkuless-gourmet-plovam-500g	7664cae43863a448.html.gz
2026-10-06T23:43:16	/product/risi-apalie-scotti-1kg	e988f723c46e2301.html.gz
2026-10-06T23:43:19	/product/risi-basmati-valdo-500g-4x125g	d402d202b3025559.html.gz
2026-10-06T23:43:23	/product/risi-valdo-arborio-500g	8d6557b91917411a.html.gz
2026-10-06T23:43:26	/product/risi-mughal-royal-classic-gargraudu-1kg	905fb2b861118578.html.gz
2026-10-06T23:43:29	/product/risi-arborio-risotto-500g-just-nature	13c72eda6ef535c6.html.gz
2026-10-06T23:43:33	/product/gargraudu-risi-ben-s-original500g	2f22725483d93e42.html.gz
2026-10-06T23:43:36	/product/risu-un-darzenu-karijs-valdo-250g	98164f67985059b1.html.gz
2026-10-06T23:43:39	/product/risu-un-darzenu-karijs-valdo-250g-63924	fb3637a9b3958a5d.html.gz
2026-10-06T23:43:43	/product/ricossa-gavi	4498119a57dfce93.html.gz
2026-10-06T23:43:46	/kategorija/vistas-fileja-178/	a5b4d7f992096f2f.html.gz
2026-10-06T23:43:49	/product/cala-fileja-rigas-miesnieks-fas	e7baa7535af1bd05.html.gz
2026-10-06T23:43:53	/product/cala-krutinas-fileja-xxl-kg	3262eca401f179ed.html.gz
2026-10-06T23:43:56	/product/vistas-fileja-svaiga-sver-tallegg	0f3f7fe3ae2788d6.html.gz
2026-10-06T23:43:59	/product/cala-krutinas-maza-fileja-rm-400g	89301d94df510de0.html.gz
2026-10-06T23:44:03	/product/cala-krutinas-filejas-gabalini-rimi-bez-adas-kg	8b93dfcddacabcb6.html.gz
2026-10-06T23:44:06	/product/calu-krutinas-filejas-rimi-kg	c2650625d4005e87.html.gz
2026-10-06T23:44:10	/product/cala-fileja-bez-antibiotikam-kg	80537778e6787c79.html.gz
2026-10-06T23:44:13	/product/cala-krutinas-fileja-well-done-500-g	6944ba7bc5dbd3b4.html.gz
2026-10-06T23:44:16	/product/calu-krutinas-filejas-rimi-500g	2dc22db3fbb397b9.html.gz
2026-10-06T23:44:20	/product/cala-krutinas-fileja-gabalinos-xxl-bauska-fas	eefae5398f49d241.html.gz
2026-10-06T23:44:23	/product/cala-krutinas-filejas-gabalini-well-done-400g	bb461f529869b8ea.html.gz
2026-10-06T23:44:26	/product/cala-krutinas-mazas-filejas-wd-400-g	d67d2786e2d48b3a.html.gz
2026-10-06T23:44:29	/product/calu-mazas-filejas-rimi-400g	e57df300445c7e12.html.gz
2026-10-06T23:44:33	/product/calu-krutinas-fileja-kekava-a-skira-kg	7d2e76db0c1ace12.html.gz
2026-10-06T23:44:36	/product/cala-krutinas-fileja-bez-antibiotikam-well-done-500g	f19f9ff2e062e33e.html.gz
2026-10-06T23:44:40	/product/cala-fileja-kekava-500g	26f08a2ec6d66775.html.gz
2026-10-06T23:44:43	/product/cala-krutinas-mazas-filejas-bez-antibiotikam-well-done-400g	602fd54143ea6791.html.gz
2026-10-06T23:44:47	/product/cala-krutinas-fileja-xxl-fas	0ed03d95f6aa486d.html.gz
2026-10-06T23:44:50	/product/filejas-gabalini-bauska-calu-krutinas-bez-adas-atk-apt-600g	e55574e8bac50e59.html.gz
2026-10-06T23:44:53	/product/cala-krutinas-fileja-rimi-eco-260g	43b0e9aaacd484f7.html.gz
2026-10-06T23:44:56	/kategorija/olas-551/	fecf9761a0d5caf4.html.gz
2026-10-06T23:45:00	/product/paipalu-olas-quail-12-gab	5726f8bfff8f7eff.html.gz
2026-10-06T23:45:03	/product/olas-paipalu-lauku-12gb	58d12014f09c8958.html.gz
2026-10-06T23:45:06	/product/paipalu-olas-well-done-12gab	d62a61f55ba8752b.html.gz
2026-10-06T23:45:10	/product/paipalu-olas-rimi-18gab	0c33b13600332c72.html.gz
2026-10-06T23:45:13	/product/paipalu-olas-well-done-18gab	0cd50149e6cb1d81.html.gz
2026-10-06T23:45:16	/product/paipalu-olas-quail-18-gab	8e88fd4b6759a60d.html.gz
2026-10-06T23:45:20	/product/vistu-olu-baltums-balticovo-500g	f3b66d6818034d3f.html.gz
2026-10-06T23:45:23	/kategorija/biezpiens-209/	93665f9fad525ed0.html.gz
2026-10-06T23:45:26	/product/biezpiens-baltais-kulinarijas-1kg	a75d08c080247242.html.gz
2026-10-06T23:45:30	/product/biezpiens-farm-milk-0-5-180g	113386396764d49e.html.gz
2026-10-06T23:45:33	/product/biezpiens-vajpiena-fit-bez-laktozes-0-5-400g	99c40a8e9e7d3e7a.html.gz
2026-10-06T23:45:36	/product/biezpiens-opa-vajpiena-0-5-170g	9bd999aceb7899cf.html.gz
2026-10-06T23:45:40	/product/biezpiens-farm-milk-9-180g	07726ec732384fcb.html.gz
2026-10-06T23:45:43	/product/biezpiens-opa-9-170g	5e4a88a609b75d9f.html.gz
2026-10-06T23:45:47	/product/biezpiena-krems-protein-baltais-300g	d41d2fdbd2431211.html.gz
2026-10-06T23:45:50	/product/biezpiens-9-1kg	cfea23021aca2951.html.gz
2026-10-06T23:45:53	/product/pilnpiena-biezpiens-jaunpils-9-1kg	a1ff3ef16ff03473.html.gz
2026-10-06T23:45:56	/product/biezpiens-5-jaunpils-600g	a56df6a50399efe3.html.gz
2026-10-06T23:45:59	/product/biezpiens-limbazu-piens-vajpiena-0-5-170g	ed4109f25d627f8b.html.gz
2026-10-06T23:46:03	/product/biezpiens-9-baltais-180g	4c06b7206a3a4e3a.html.gz
2026-10-06T23:46:06	/product/vajpiena-biezpiens-jaunpils-bez-laktozes-0-5-275g	4a966d6c41a79c92.html.gz
2026-10-06T23:46:09	/product/biezpiens-latgale-0-5-400g	1c12286f1fe409c9.html.gz
2026-10-06T23:46:13	/product/biezpiens-talsu-9-200-g	c220c2004e3a4793.html.gz
2026-10-06T23:46:16	/product/biezpiens-valmiera-9-180g	e14749fa69cbb8b0.html.gz
2026-10-06T23:46:20	/product/biezpiena-krems-protein-baltais-avenu-300g	fd15c3494df68887.html.gz
2026-10-06T23:46:23	/product/biezpiens-latgales-9-400g	66671382761b8591.html.gz
2026-10-06T23:46:27	/product/biezpiens-vajpiena-0-5-valmiera-180g	1ba06678fa9954bd.html.gz
2026-10-06T23:46:30	/product/biezpiens-straupe-9-400g	2bd7ab1a2e7e9436.html.gz
2026-10-06T23:46:34	/kategorija/makaroni-un-nudeles-143/	4ab43a3516908068.html.gz
2026-10-06T23:46:37	/kategorija/makaroni-un-nudeles-143/?lapa=2	c7ec4bcc00294c4f.html.gz
2026-10-06T23:46:41	/kategorija/makaroni-un-nudeles-143/?lapa=3	45f1cad53de0e363.html.gz
2026-10-06T23:46:44	/kategorija/makaroni-un-nudeles-143/?lapa=4	27b6071fb13d0c44.html.gz
2026-10-06T23:46:47	/kategorija/makaroni-un-nudeles-143/?lapa=5	a428e9a8f72e6876.html.gz
2026-10-06T23:46:51	/kategorija/makaroni-un-nudeles-143/?lapa=6	38167efc6b39b9c1.html.gz
2026-10-06T23:46:54	/kategorija/makaroni-un-nudeles-143/?lapa=7	27e79b28966b3390.html.gz
2026-10-06T23:46:57	/kategorija/spageti-170/	674f2c8ab4b4f94a.html.gz
2026-10-06T23:47:01	/kategorija/spageti-170/?lapa=2	33d4cbd0f51ab742.html.gz
2026-10-06T23:47:04	/product/makaroni-trubinas-1kg	042b2496057d9ffb.html.gz
2026-10-06T23:47:07	/product/makaroni-cornetti-rigati-nr-150-500g	376d0f539a07c609.html.gz
2026-10-06T23:47:11	/product/makaroni-well-done-fillini-piccoli-500g	66d935bb7ab542ca.html.gz
2026-10-06T23:47:14	/product/makaroni-pasta-ricco-spirali-400g	c4592f64088f076c.html.gz
2026-10-06T23:47:18	/product/makaroni-italpasta-nr-134-fusilli-500g	65b047f5de83b72c.html.gz
2026-10-06T23:47:21	/product/makaroni-anellini-divella-500g	e7f7d4cded4d589b.html.gz
2026-10-06T23:47:24	/product/makaroni-divella-fusilli-3-krasu-500g	ecfe354dbde69f1c.html.gz
2026-10-06T23:47:27	/product/makaroni-fettuccine-divella-500g	fa299135d7709afe.html.gz
2026-10-06T23:47:30	/product/makaroni-pasta-zara-nr-31-bantites-500-gr	1ba5be6137f4a6f1.html.gz
2026-10-06T23:47:34	/product/makaroni-panzani-farfalle-500g	08e5660ce94b06e9.html.gz
2026-10-06T23:47:37	/product/makaroni-liguori-spirales-nr-140-500g	a1c3470ebd1a1a61.html.gz
2026-10-06T23:47:41	/product/makaroni-penne-rigate-arrighi-nr-31-bio-500g	c3b577e452cde9a9.html.gz
2026-10-06T23:47:44	/product/makaroni-barilla-fettuccine-nr-166-500g	3668cd43af856295.html.gz
2026-10-06T23:47:48	/product/makaroni-di-bari-riccia-casereccia-500g	cb3151b386f217ca.html.gz
2026-10-06T23:47:51	/product/makaroni-nonno-mario-tagliolini-triskrasu-500g	d212aff1790d119f.html.gz
2026-10-06T23:47:54	/product/bambusa-skiedras-makaroni-pasta-natura-pn-250g	8c0fb1709364dfeb.html.gz
2026-10-06T23:47:58	/product/pasta-presto-spaghetti-nr-7-400g	6c555d93c739d42a.html.gz
2026-10-06T23:48:02	/product/pilngr-mak-la-molisana-spaghetti-500g	e19b8637f08e0bb6.html.gz
2026-10-06T23:48:05	/product/pasta-de-cecco-spaghetti-nr-12-500g	6e5154d406b5a3f2.html.gz
2026-10-06T23:48:08	/product/pasta-barilla-spaghetti-bez-lipekla-400g	5db0ba7c1968ba8d.html.gz
2026-10-06T23:48:12	/kategorija/cukgala-1109/	d37ec4994a4208f6.html.gz
2026-10-06T23:48:15	/kategorija/jaukta-malta-gala-184/	fc3ef995fd238a3f.html.gz
2026-10-06T23:48:18	/product/kazas-piens-amalattea-uht-500ml	764183ede56269c4.html.gz
2026-10-06T23:48:28	/kategorija/partikas-piedevas-813/	fb4fbfba7b22af1e.html.gz
2026-10-06T23:48:31	/kategorija/sporta-un-veselibas-partika-572/	d26c47e7cce587a8.html.gz
2026-10-06T23:48:38	/product/jogurts-grieku-alma-proteina-370g	0671e639bf58dd44.html.gz
2026-10-06T23:48:42	/product/jogurts-skyr-baltais-bez-piedevam-400g	5e3b83302133eb6d.html.gz
2026-10-06T23:48:45	/product/jogurts-baltais-skyr-islandes-bez-piedevam-400g	c7f56d8bb66df992.html.gz
2026-10-06T23:48:48	/product/jogurts-baltais-skyr-zemenu-300g	97cbdb7ffcd58c0b.html.gz
2026-10-06T23:48:52	/product/jogurts-salling-skyr-bezpiedevu-0-2-1kg	b7e70ad8e8d6fd5b.html.gz
2026-10-06T23:48:55	/product/jogurts-farmi-skyr-meza-zemenu-150g	f5de823027d04a41.html.gz
2026-10-06T23:48:59	/product/jogurts-farmi-skyr-apelsinu-straciatella-150g	525b0c0a2e3e29f9.html.gz
2026-10-06T23:49:02	/product/jogurts-farmi-skyr-mellenu-150g	b81636ef2f84e32c.html.gz
2026-10-06T23:49:05	/product/jogurts-farmi-skyr-meza-zemenu-150g-87105	1ed95be946b3c512.html.gz
2026-10-06T23:49:08	/product/jogurts-valio-profeel-proteina-upenu-200g	4b0255dc61666ae7.html.gz
2026-10-06T23:50:13	/product/cala-skinki-atkauloti-bez-adas-wd-500-g-27444	e3b2e68979267372.html.gz
2026-10-06T23:50:16	/product/cala-skinki-atkauloti-bez-adas-bez-antibiotikam-kg	18436b65b0b9293e.html.gz
2026-10-06T23:50:20	/product/calu-skinki-atkauloti-bez-adas-fas-500g-kekava	f9b6cd10e47e2095.html.gz
2026-10-06T23:50:46	/product/risi-extra-line-tvaiceti-800g	804879e62f10a007.html.gz
2026-10-06T23:50:49	/product/gargraudu-risi-rimi-4x100g	6a1eeb868d63cde6.html.gz
2026-10-06T23:50:52	/product/tvaiceti-risi-well-done-800g	89496fc78d013281.html.gz
2026-10-06T23:50:56	/product/risi-gargraudu-dobele-1kg	845fad4225ea117d.html.gz
2026-10-06T23:50:59	/product/risi-valdo-klasiskie-1kg	bbfbc740627d70b1.html.gz
2026-10-06T23:51:03	/product/risi-valdo-ekstra-8x125g	f434429bc33a24ae.html.gz
2026-10-06T23:51:06	/product/tvaiceti-riisi-well-done-4x100g	ba5a4ee11cb2167f.html.gz
2026-10-06T23:51:09	/product/risi-valdo-klasiskie-500g	78b2013b99055460.html.gz
2026-10-06T23:51:13	/product/risi-dobele-gargraudu-8x125g	641dc02aac159f84.html.gz
2026-10-06T23:51:16	/product/risi-jasmine-valdo-0-5kg-4x125g	d2249db62f4b4a84.html.gz
2026-10-06T23:51:19	/product/risi-valdo-ekstra-1kg	aded7ce63ba81c8a.html.gz
2026-10-06T23:51:22	/product/risi-bosto-gargraudu-4x125g	eb68a5e988373c1c.html.gz
2026-10-06T23:51:25	/product/risi-mughal-royal-diamond-tvaiceti-gargraudu-1kg	e56153a5597989b5.html.gz
2026-10-06T23:51:29	/product/tris-graudu-risi-buon-gusto-350g	7c951a2e3fc145dd.html.gz
2026-10-06T23:51:32	/product/poke-blodas-risi-bosto-500g	e328114c54658611.html.gz
2026-10-06T23:52:20	/product/rudzu-seklu-maizes-skeles-hm-450g	875e7a3fb5a60777.html.gz
2026-10-06T23:52:24	/product/rudzu-maizites-well-done-220g	40952a80ffa088b3.html.gz
