food_id,purpose,date_collected,shop,price_date,product_name,brand,tier,pack_size,pack_unit,pack_count,price_eur,old_price_eur,price_type,url,eur_per_kg
rice_brown,own,2026-10-06,Velto,06.10.2026,RISI VALDO PARBOILED FASĒTI 1KG,VALDO,standard,1000,g,,1.95,,regular,https://cenudepo.lv/product/risi-valdo-parboiled-faseti-1kg,1.95
rice_brown,own,2026-10-06,Top!,08.09.2026,RISI VALDO PARBOILED FASĒTI 1KG,VALDO,standard,1000,g,,1.99,,regular,https://cenudepo.lv/product/risi-valdo-parboiled-faseti-1kg,1.99
rice_brown,own,2026-10-06,Rimi,06.10.2026,RISI VALDO PARBOILED FASĒTI 1KG,VALDO,standard,1000,g,,2.85,,regular,https://cenudepo.lv/product/risi-valdo-parboiled-faseti-1kg,2.85
rice_brown,own,2026-10-06,Maxima,06.10.2026,BRŪNIE RĪSI WELL DONE 500G,WELL DONE,standard,500,g,,1.19,,regular,https://cenudepo.lv/product/brunie-risi-well-done-500g,2.38
rice_brown,own,2026-10-06,Maxima,06.10.2026,BRŪNIE RĪSI WELL DONE 4X100G,WELL DONE,standard,400,g,,1.09,,regular,https://cenudepo.lv/product/brunie-risi-well-done-4x100g,2.725
rice_brown,own,2026-10-06,Citro,06.10.2026,RĪSI VALDO PARBOILED 500G,VALDO,standard,500,g,,1.45,,regular,https://cenudepo.lv/product/risi-valdo-parboiled-500g,2.9
rice_brown,own,2026-10-06,Top!,06.10.2026,RĪSI VALDO BRŪNIE 4X125G,VALDO,standard,500,g,,1.49,,regular,https://cenudepo.lv/product/risi-valdo-brunie-4x125g,2.98
rice_brown,own,2026-10-06,Maxima,06.10.2026,RĪSI VALDO BRŪNIE 4X125G,VALDO,standard,500,g,,1.59,,regular,https://cenudepo.lv/product/risi-valdo-brunie-4x125g,3.18
rice_brown,own,2026-10-06,Promo,06.10.2026,RĪSI VALDO BRŪNIE 4X125G,VALDO,standard,500,g,,1.65,,regular,https://cenudepo.lv/product/risi-valdo-brunie-4x125g,3.3
rice_brown,own,2026-10-06,Rimi,06.10.2026,RĪSI VALDO BRŪNIE 4X125G,VALDO,standard,500,g,,1.65,,regular,https://cenudepo.lv/product/risi-valdo-brunie-4x125g,3.3
rice_brown,own,2026-10-06,Citro,06.10.2026,RĪSI VALDO BRŪNIE 4X125G,VALDO,standard,500,g,,1.65,,regular,https://cenudepo.lv/product/risi-valdo-brunie-4x125g,3.3
rice_brown,own,2026-10-06,Top!,06.10.2026,RĪSI BOSTO BRŪNIE 4X125G,BOSTO,standard,500,g,,1.49,,regular,https://cenudepo.lv/product/risi-bosto-brunie-4x125g,2.98
rice_brown,own,2026-10-06,Maxima,28.09.2026,RĪSI BOSTO BRŪNIE 4X125G,BOSTO,standard,500,g,,1.79,,regular,https://cenudepo.lv/product/risi-bosto-brunie-4x125g,3.58
rice_brown,own,2026-10-06,Top!,06.10.2026,RĪSI VALDO PARBOILES 0.5KG (4X125G),VALDO,standard,500,g,,1.49,,regular,https://cenudepo.lv/product/risi-valdo-parboiles-0-5kg-4x125g,2.98
rice_brown,own,2026-10-06,Maxima,06.10.2026,RĪSI VALDO PARBOILES 0.5KG (4X125G),VALDO,standard,500,g,,1.59,,regular,https://cenudepo.lv/product/risi-valdo-parboiles-0-5kg-4x125g,3.18
rice_brown,own,2026-10-06,Citro,06.10.2026,RĪSI VALDO PARBOILES 0.5KG (4X125G),VALDO,standard,500,g,,1.69,,regular,https://cenudepo.lv/product/risi-valdo-parboiles-0-5kg-4x125g,3.38
rice_brown,own,2026-10-06,Rimi,06.10.2026,RĪSI VALDO PARBOILES 0.5KG (4X125G),VALDO,standard,500,g,,1.85,,regular,https://cenudepo.lv/product/risi-valdo-parboiles-0-5kg-4x125g,3.7
rice_brown,own,2026-10-06,Elvi,01.10.2026,RĪSI VALDO PARBOILES 0.5KG (4X125G),VALDO,standard,500,g,,1.99,,regular,https://cenudepo.lv/product/risi-valdo-parboiles-0-5kg-4x125g,3.98
rice_brown,own,2026-10-06,Promo,06.10.2026,HERKULESS GOURMET BRŪNIE PILNGRAUDU RĪSI 0.5KG,Herkuless,standard,500,g,,1.85,,regular,https://cenudepo.lv/product/herkuless-gourmet-brunie-pilngraudu-risi-0-5kg,3.7
rice_brown,own,2026-10-06,Rimi,06.10.2026,BRŪNIE RĪSI RIMI GREATLIFE 4X100G,RIMI GREATLIFE,standard,400,g,,1.49,,regular,https://cenudepo.lv/product/brunie-risi-rimi-greatlife-4x100g,3.725
rice_brown,own,2026-10-06,Gemoss,06.10.2026,RĪSI MELNIE PILNGRAUDU 2KG,FASĒTIE,standard,2000,g,,7.93,,regular,https://cenudepo.lv/product/risi-melnie-pilngraudu-2kg,3.965
rice_brown,own,2026-10-06,Gemoss,06.10.2026,RĪSI SARKANIE PILNGRAUDU 500G JUST NATURE,JUST NATURE,standard,500,g,,3.19,,regular,https://cenudepo.lv/product/risi-sarkanie-pilngraudu-500g-just-nature,6.38
rice_brown,own,2026-10-06,Gemoss,06.10.2026,RĪSI MELNIE PILNGRAUDU 500G JUST NATURE,JUST NATURE,standard,500,g,,3.19,,regular,https://cenudepo.lv/product/risi-melnie-pilngraudu-500g-just-nature,6.38
rice_brown,own,2026-10-06,Maxima,06.10.2026,PILNGRAUDU BRŪNIE RĪSI TILDA 500G,TILDA,standard,500,g,,3.29,,regular,https://cenudepo.lv/product/pilngraudu-brunie-risi-tilda-500g,6.58
rice_brown,own,2026-10-06,Rimi,06.10.2026,RĪSI TILDA PILNGRAUDU BRŪNIE 500G,TILDA,standard,500,g,,3.59,,regular,https://cenudepo.lv/product/risi-tilda-pilngraudu-brunie-500g,7.18
millet,own,2026-10-06,Rimi,,PROSA ZELTA SAULE 1KG,ZELTA SAULE,standard,1000,g,,1.79,2.29,discount_all,https://cenudepo.lv/product/prosa-zelta-saule-1kg,1.79
millet,own,2026-10-06,Citro,06.10.2026,PROSA ZELTA SAULE 1KG,ZELTA SAULE,standard,1000,g,,1.79,,regular,https://cenudepo.lv/product/prosa-zelta-saule-1kg,1.79
millet,own,2026-10-06,Promo,06.10.2026,"PROSA LIMOR, 800G",Limor,standard,800,g,,1.76,,regular,https://cenudepo.lv/product/prosa-limor-800g,2.2
millet,own,2026-10-06,Maxima,06.10.2026,PROSA NAŠA KAŠA 900G,NAŠA KAŠA,standard,900,g,,1.99,,regular,https://cenudepo.lv/product/prosa-nasa-kasa-900g,2.211
millet,own,2026-10-06,Velto,06.10.2026,PROSA VALDO 4X125G,VALDO,standard,500,g,,1.12,,regular,https://cenudepo.lv/product/prosa-valdo-4x125g,2.24
millet,own,2026-10-06,Promo,06.10.2026,PROSA VALDO 4X125G,VALDO,standard,500,g,,1.69,,regular,https://cenudepo.lv/product/prosa-valdo-4x125g,3.38
millet,own,2026-10-06,Maxima,06.10.2026,PROSA VALDO 4X125G,VALDO,standard,500,g,,1.69,,regular,https://cenudepo.lv/product/prosa-valdo-4x125g,3.38
millet,own,2026-10-06,Maxima,06.10.2026,"PROSAS PUTRAIMI VALDO, 1KG",VALDO,standard,1000,g,,2.49,,regular,https://cenudepo.lv/product/prosas-putraimi-valdo-1kg,2.49
millet,own,2026-10-06,Promo,06.10.2026,"PROSAS PUTRAIMI VALDO, 1KG",VALDO,standard,1000,g,,3.39,,regular,https://cenudepo.lv/product/prosas-putraimi-valdo-1kg,3.39
millet,own,2026-10-06,Rimi,06.10.2026,PROSAS PUTRAIMI VALDO 500G,VALDO,standard,500,g,,1.39,,regular,https://cenudepo.lv/product/prosas-putraimi-valdo-500g,2.78
millet,own,2026-10-06,Rimi,,PROSAS PUTRAIMI RIMI FREE FROM 375G,RIMI FREE FROM,standard,375,g,,1.39,1.69,discount_all,https://cenudepo.lv/product/prosas-putraimi-rimi-free-from-375g,3.707
bulgur,own,2026-10-06,Gemoss,06.10.2026,BULGURS JUST NATURE 500G,JUST NATURE,standard,500,g,,1.27,,regular,https://cenudepo.lv/product/bulgurs-just-nature-500g,2.54
bulgur,own,2026-10-06,Maxima,06.10.2026,BULGURS JUST NATURE 500G,JUST NATURE,standard,500,g,,1.79,,regular,https://cenudepo.lv/product/bulgurs-just-nature-500g,3.58
bulgur,own,2026-10-06,Velto,06.10.2026,"BULGURS VALDO VIDĒJA MALUMA, 500G (4×125G)",VALDO,standard,500,g,,1.61,,regular,https://cenudepo.lv/product/bulgurs-valdo-videja-maluma-500g-4-125g,3.22
bulgur,own,2026-10-06,Rimi,,"BULGURS VALDO VIDĒJA MALUMA, 500G (4×125G)",VALDO,standard,500,g,,2.39,3.19,discount_all,https://cenudepo.lv/product/bulgurs-valdo-videja-maluma-500g-4-125g,4.78
bulgur,own,2026-10-06,Maxima,06.10.2026,"BULGURS VALDO VIDĒJA MALUMA, 500G (4×125G)",VALDO,standard,500,g,,2.39,,regular,https://cenudepo.lv/product/bulgurs-valdo-videja-maluma-500g-4-125g,4.78
bulgur,own,2026-10-06,Citro,06.10.2026,"BULGURS VALDO VIDĒJA MALUMA, 500G (4×125G)",VALDO,standard,500,g,,2.45,,regular,https://cenudepo.lv/product/bulgurs-valdo-videja-maluma-500g-4-125g,4.9
bulgur,own,2026-10-06,Promo,06.10.2026,"BULGURS VALDO VIDĒJA MALUMA, 500G (4×125G)",VALDO,standard,500,g,,3.19,,regular,https://cenudepo.lv/product/bulgurs-valdo-videja-maluma-500g-4-125g,6.38
bulgur,own,2026-10-06,Maxima,06.10.2026,BULGURS VALDO VIDĒJA MALUMA 500G,Valdo,standard,500,g,,1.79,,regular,https://cenudepo.lv/product/bulgurs-valdo-videja-maluma-500g,3.58
bulgur,own,2026-10-06,Promo,06.10.2026,BULGURS VALDO VIDĒJA MALUMA 500G,Valdo,standard,500,g,,2.35,,regular,https://cenudepo.lv/product/bulgurs-valdo-videja-maluma-500g,4.7
bulgur,own,2026-10-06,Promo,06.10.2026,"BULGURS BUON GUSTO, 350G",,standard,350,g,,1.34,,regular,https://cenudepo.lv/product/bulgurs-buon-gusto-350g,3.829
bulgur,own,2026-10-06,Maxima,06.10.2026,BULGURS WELL DONE 4X100G,WELL DONE,standard,400,g,,1.59,,regular,https://cenudepo.lv/product/bulgurs-well-done-4x100g,3.975
bulgur,own,2026-10-06,Rimi,06.10.2026,BULGURS RIMI 400G,RIMI,store_brand,400,g,,1.59,,regular,https://cenudepo.lv/product/bulgurs-rimi-400g,3.975
bulgur,own,2026-10-06,Rimi,06.10.2026,BRŪNAIS PILNGRAUDU BULGURS RIMI 400G,RIMI,store_brand,400,g,,1.59,,regular,https://cenudepo.lv/product/brunais-pilngraudu-bulgurs-rimi-400g,3.975
bulgur,own,2026-10-06,Maxima,06.10.2026,RUPJAIS BULGURS VALDO 4X125G,VALDO,standard,500,g,,2.39,,regular,https://cenudepo.lv/product/rupjais-bulgurs-valdo-4x125g,4.78
couscous,own,2026-10-06,Gemoss,06.10.2026,KUSKUSS 1KG,BIA,standard,1000,g,,2.46,,regular,https://cenudepo.lv/product/kuskuss-1kg-123434,2.46
couscous,own,2026-10-06,Promo,06.10.2026,"PĒRĻU KUSKUSS, 1KG",,standard,1000,g,,2.99,,regular,https://cenudepo.lv/product/perlu-kuskuss-1kg,2.99
couscous,own,2026-10-06,Promo,06.10.2026,"KUSKUSS, 1KG",BIA,standard,1000,g,,3.29,,regular,https://cenudepo.lv/product/kuskuss-1kg,3.29
couscous,own,2026-10-06,Rimi,06.10.2026,KUSKUSS RIMI SMART MOYEN 300G,RIMI SMART,store_brand,300,g,,0.99,,regular,https://cenudepo.lv/product/kuskuss-rimi-smart-moyen-300g,3.3
couscous,own,2026-10-06,Gemoss,06.10.2026,KUSKUSS JUST NATURE 400G,JUST NATURE,standard,400,g,,1.39,,regular,https://cenudepo.lv/product/kuskuss-just-nature-400g,3.475
couscous,own,2026-10-06,Maxima,06.10.2026,KUSKUSS JUST NATURE 400G,JUST NATURE,standard,400,g,,1.99,,regular,https://cenudepo.lv/product/kuskuss-just-nature-400g,4.975
couscous,own,2026-10-06,Velto,06.10.2026,KUSKUSS VALDO 4X125G,Valdo,standard,500,g,,1.75,,regular,https://cenudepo.lv/product/kuskuss-valdo-4x125g,3.5
couscous,own,2026-10-06,Citro,06.10.2026,KUSKUSS VALDO 4X125G,Valdo,standard,500,g,,2.29,,regular,https://cenudepo.lv/product/kuskuss-valdo-4x125g,4.58
couscous,own,2026-10-06,Maxima,06.10.2026,KUSKUSS VALDO 4X125G,Valdo,standard,500,g,,2.29,,regular,https://cenudepo.lv/product/kuskuss-valdo-4x125g,4.58
couscous,own,2026-10-06,Promo,06.10.2026,KUSKUSS VALDO 4X125G,Valdo,standard,500,g,,2.29,,regular,https://cenudepo.lv/product/kuskuss-valdo-4x125g,4.58
couscous,own,2026-10-06,Gemoss,06.10.2026,KUSKUSS PĒRĻU 400G JUST NATURE,JUST NATURE,standard,400,g,,1.74,,regular,https://cenudepo.lv/product/kuskuss-perlu-400g-just-nature,4.35
couscous,own,2026-10-06,Maxima,15.09.2026,KUSKUSS WELL DONE 400G,WELL DONE,standard,400,g,,1.79,,regular,https://cenudepo.lv/product/kuskuss-well-done-400g,4.475
couscous,own,2026-10-06,Promo,06.10.2026,"KUSKUSS PASTA ZARA, 500G",PASTA ZARA,standard,500,g,,3.39,,regular,https://cenudepo.lv/product/kuskuss-pasta-zara-500g,6.78
couscous,own,2026-10-06,Promo,06.10.2026,"KUSKUSS PĒRĻLU TRĪSKRĀSU YAMNA,900G",,standard,900,g,,6.78,,regular,https://cenudepo.lv/product/kuskuss-perllu-triskrasu-yamna-900g,7.533
couscous,own,2026-10-06,Maxima,06.10.2026,PĒRĻU KUSKUSS MELVIT TRENDY LUNCH 4X100G,,standard,400,g,,3.79,,regular,https://cenudepo.lv/product/perlu-kuskuss-melvit-trendy-lunch-4x100g,9.475
muesli,own,2026-10-06,Rimi,06.10.2026,MUSLI RIMI SMART AR ŽĀVĒTIEM AUGĻIEM 1KG,RIMI SMART,store_brand,1000,g,,3.69,,regular,https://cenudepo.lv/product/musli-rimi-smart-ar-zavetiem-augliem-1kg,3.69
muesli,own,2026-10-06,Citro,06.10.2026,MUSLIS HERKULESS ACTIVE&FIT KRAUKŠĶ.AR ZEMENĒM MANDELĒM 350G,HERKULESS,standard,350,g,,1.79,2.49,discount_all,https://cenudepo.lv/product/muslis-herkuless-active-fit-krauksk-ar-zemenem-mandelem-350g,5.114
muesli,own,2026-10-06,Maxima,06.10.2026,MUSLIS HERKULESS ACTIVE&FIT KRAUKŠĶ.AR ZEMENĒM MANDELĒM 350G,HERKULESS,standard,350,g,,2.19,,regular,https://cenudepo.lv/product/muslis-herkuless-active-fit-krauksk-ar-zemenem-mandelem-350g,6.257
muesli,own,2026-10-06,Rimi,14.09.2026,MUSLIS HERKULESS ACTIVE&FIT KRAUKŠĶ.AR ZEMENĒM MANDELĒM 350G,HERKULESS,standard,350,g,,2.55,,regular,https://cenudepo.lv/product/muslis-herkuless-active-fit-krauksk-ar-zemenem-mandelem-350g,7.286
muesli,own,2026-10-06,Citro,06.10.2026,"MUSLI HERKULESS ACTIVE&FIT CRUNCHY CHOCO NUTS, 350G",HERKULESS,standard,350,g,,1.79,2.49,discount_all,https://cenudepo.lv/product/musli-herkuless-active-fit-crunchy-choco-nuts-350g,5.114
muesli,own,2026-10-06,Promo,06.10.2026,"MUSLI HERKULESS ACTIVE&FIT CRUNCHY CHOCO NUTS, 350G",HERKULESS,standard,350,g,,2.83,,regular,https://cenudepo.lv/product/musli-herkuless-active-fit-crunchy-choco-nuts-350g,8.086
muesli,own,2026-10-06,Maxima,06.10.2026,GRANOLA HERKULESS AR ZEMENĒM 350G,HERKULESS,standard,350,g,,1.89,,regular,https://cenudepo.lv/product/granola-herkuless-ar-zemenem-350g,5.4
muesli,own,2026-10-06,Rimi,14.09.2026,MUSLI RIMI AR RIEKSTIEM UN AUGĻIEM 350G,RIMI,store_brand,350,g,,2.09,,regular,https://cenudepo.lv/product/musli-rimi-ar-riekstiem-un-augliem-350g,5.971
muesli,own,2026-10-06,Rimi,14.09.2026,MUSLI RIMI GRAUZDĒTS AR RIEKSTIEM 375G,RIMI,store_brand,375,g,,2.25,,regular,https://cenudepo.lv/product/musli-rimi-grauzdets-ar-riekstiem-375g,6
muesli,own,2026-10-06,Rimi,06.10.2026,GRAUZDĒTS MUSLIS RIMI AR KVINOJU UN AVENĒM 350G,RIMI,store_brand,350,g,,2.25,,regular,https://cenudepo.lv/product/grauzdets-muslis-rimi-ar-kvinoju-un-avenem-350g,6.429
muesli,own,2026-10-06,Rimi,,MUSLI GRACI FUNKCIONĀLAIS ENERĢISKAIS 400G,GRACI,standard,400,g,,2.79,3.79,discount_all,https://cenudepo.lv/product/musli-graci-funkcionalais-energiskais-400g,6.975
muesli,own,2026-10-06,Maxima,06.10.2026,MUSLI GRACI FUNKCIONĀLAIS ENERĢISKAIS 400G,GRACI,standard,400,g,,3.49,,regular,https://cenudepo.lv/product/musli-graci-funkcionalais-energiskais-400g,8.725
muesli,own,2026-10-06,Top!,,MUSLI GRACI FUNKCIONĀLAIS ENERĢISKAIS 400G,GRACI,standard,400,g,,3.79,,regular,https://cenudepo.lv/product/musli-graci-funkcionalais-energiskais-400g,9.475
muesli,own,2026-10-06,Rimi,,MUSLI GRACI FUNKCIONĀLAIS TIEVAIS 400G,GRACI,standard,400,g,,2.79,3.79,discount_all,https://cenudepo.lv/product/musli-graci-funkcionalais-tievais-400g,6.975
muesli,own,2026-10-06,Promo,06.10.2026,MUSLI GRACI FUNKCIONĀLAIS TIEVAIS 400G,GRACI,standard,400,g,,3.89,,regular,https://cenudepo.lv/product/musli-graci-funkcionalais-tievais-400g,9.725
muesli,own,2026-10-06,Rimi,06.10.2026,MUSLI RIMI EXTRA TRIPLE CHOCO 375G,RIMI,store_brand,375,g,,2.69,,regular,https://cenudepo.lv/product/musli-rimi-extra-triple-choco-375g,7.173
muesli,own,2026-10-06,Rimi,14.09.2026,MUSLI RIMI EXTRA AR AUGĻIEM UN OGĀM 375G,RIMI,store_brand,375,g,,2.69,,regular,https://cenudepo.lv/product/musli-rimi-extra-ar-augliem-un-ogam-375g,7.173
muesli,own,2026-10-06,Maxima,06.10.2026,MUSLI GRACI AR RIEKSTIEM CILINDRĀ 500G,,standard,500,g,,3.99,,regular,https://cenudepo.lv/product/musli-graci-ar-riekstiem-cilindra-500g,7.98
muesli,own,2026-10-06,Maxima,05.10.2026,MUSLI AMAZING AR SĒKLĀM GRACI 400G,GRACI,standard,400,g,,3.49,,regular,https://cenudepo.lv/product/musli-amazing-ar-seklam-graci-400g,8.725
muesli,own,2026-10-06,Rimi,,MUSLI GRACI FUNKCIONĀLAIS VIEGLAIS 300G,GRACI,standard,300,g,,2.79,3.79,discount_all,https://cenudepo.lv/product/musli-graci-funkcionalais-vieglais-300g,9.3
muesli,own,2026-10-06,Maxima,01.10.2026,MUSLI GRACI FUNKCIONĀLAIS VIEGLAIS 300G,GRACI,standard,300,g,,3.49,,regular,https://cenudepo.lv/product/musli-graci-funkcionalais-vieglais-300g,11.63
muesli,own,2026-10-06,Top!,,MUSLI GRACI FUNKCIONĀLAIS VIEGLAIS 300G,GRACI,standard,300,g,,3.79,,regular,https://cenudepo.lv/product/musli-graci-funkcionalais-vieglais-300g,12.63
muesli,own,2026-10-06,Rimi,,MUSLI GRACI FUNKCIONĀLAIS SKAISTUMAM 300G,GRACI,standard,300,g,,2.79,3.79,discount_all,https://cenudepo.lv/product/musli-graci-funkcionalais-skaistumam-300g,9.3
muesli,own,2026-10-06,Maxima,06.10.2026,MUSLI GRACI FUNKCIONĀLAIS SKAISTUMAM 300G,GRACI,standard,300,g,,3.49,,regular,https://cenudepo.lv/product/musli-graci-funkcionalais-skaistumam-300g,11.63
muesli,own,2026-10-06,Top!,,MUSLI GRACI FUNKCIONĀLAIS SKAISTUMAM 300G,GRACI,standard,300,g,,3.79,,regular,https://cenudepo.lv/product/musli-graci-funkcionalais-skaistumam-300g,12.63
muesli,own,2026-10-06,Maxima,01.10.2026,MUSLIS GRACI AR RUPJMAIZES KĀRTOJUMA GARŠU 350G,GRACI,standard,350,g,,3.49,,regular,https://cenudepo.lv/product/muslis-graci-ar-rupjmaizes-kartojuma-garsu-350g,9.971
muesli,own,2026-10-06,Rimi,14.09.2026,MUSLIS GRACI AR RUPJMAIZES KĀRTOJUMA GARŠU 350G,GRACI,standard,350,g,,3.79,,regular,https://cenudepo.lv/product/muslis-graci-ar-rupjmaizes-kartojuma-garsu-350g,10.83
muesli,own,2026-10-06,Rimi,14.09.2026,MUSLI SMALKAIS MUSLIS PRIEKA MAISĪJUMS 500G,SMALKAIS MUSLIS,standard,500,g,,4.99,,regular,https://cenudepo.lv/product/musli-smalkais-muslis-prieka-maisijums-500g,9.98
muesli,own,2026-10-06,Rimi,14.09.2026,MUSLI SMALKAIS MUSLIS HARMONIJAS MAISĪJUMS 500G,SMALKAIS MUSLIS,standard,500,g,,5.49,,regular,https://cenudepo.lv/product/musli-smalkais-muslis-harmonijas-maisijums-500g,10.98
muesli,own,2026-10-06,Maxima,05.10.2026,FUNKCIONĀLAIS MUSLI THIN GRACI 300G,GRACI,standard,300,g,,3.49,,regular,https://cenudepo.lv/product/funkcionalais-musli-thin-graci-300g,11.63
sweet_potato,own,2026-10-06,Maxima,06.10.2026,SALDIE KARTUPEĻI - BATĀTES KG,BEZ ZĪMOLA,standard,1000,g,,2.39,,regular,https://cenudepo.lv/product/saldie-kartupeli-batates-kg,2.39
sweet_potato,own,2026-10-06,Rimi,06.10.2026,SALDIE KARTUPEĻI - BATĀTES KG,BEZ ZĪMOLA,standard,1000,g,,2.39,,regular,https://cenudepo.lv/product/saldie-kartupeli-batates-kg,2.39
lentils_red,own,2026-10-06,Gemoss,06.10.2026,LĒCAS SARKANĀS ŠĶELTAS 3KG,FASĒTIE,standard,3000,g,,5.11,,regular,https://cenudepo.lv/product/lecas-sarkanas-skeltas-3kg,1.703
lentils_red,own,2026-10-06,Gemoss,06.10.2026,LĒCAS SARKANĀS NELOBĪTAS 1KG JUST NATURE,JUST NATURE,standard,1000,g,,2.26,,regular,https://cenudepo.lv/product/lecas-sarkanas-nelobitas-1kg-just-nature,2.26
lentils_red,own,2026-10-06,Promo,11.09.2026,"LĒCAS SARKANĀS SEZER, 900G",Sezer,standard,900,g,,2.99,,regular,https://cenudepo.lv/product/lecas-sarkanas-sezer-900g,3.322
lentils_red,own,2026-10-06,Maxima,23.09.2026,SARKANĀS LĒCAS WELL DONE 400G,WELL DONE,standard,400,g,,1.39,,regular,https://cenudepo.lv/product/sarkanas-lecas-well-done-400g,3.475
lentils_red,own,2026-10-06,Maxima,06.10.2026,LĒCAS JUST NATURE SARKANĀS ŠĶELTĀS 500G,JUST NATURE,standard,500,g,,1.89,,regular,https://cenudepo.lv/product/lecas-just-nature-sarkanas-skeltas-500g,3.78
lentils_red,own,2026-10-06,Citro,06.10.2026,LĒCAS JUST NATURE SARKANĀS ŠĶELTĀS 500G,JUST NATURE,standard,500,g,,2.19,,regular,https://cenudepo.lv/product/lecas-just-nature-sarkanas-skeltas-500g,4.38
lentils_red,own,2026-10-06,Maxima,06.10.2026,LĒCAS JUST NATURE SARKANĀS NELOBĪTAS 500G,JUST NATURE,standard,500,g,,1.89,,regular,https://cenudepo.lv/product/lecas-just-nature-sarkanas-nelobitas-500g,3.78
lentils_red,own,2026-10-06,Citro,06.10.2026,LĒCAS JUST NATURE SARKANĀS NELOBĪTAS 500G,JUST NATURE,standard,500,g,,1.89,,regular,https://cenudepo.lv/product/lecas-just-nature-sarkanas-nelobitas-500g,3.78
lentils_red,own,2026-10-06,Rimi,06.10.2026,"SARKANĀS LĒCAS, ŠĶELTĀS RIMI 400G",RIMI,store_brand,400,g,,2.05,,regular,https://cenudepo.lv/product/sarkanas-lecas-skeltas-rimi-400g,5.125
lentils_green,own,2026-10-06,Promo,06.10.2026,"LĒCAS ZAĻĀS SKANEJA, 500G",,standard,500,g,,1.52,,regular,https://cenudepo.lv/product/lecas-zalas-skaneja-500g,3.04
lentils_green,own,2026-10-06,Maxima,06.10.2026,ZAĻĀS LĒCAS WELL DONE 400G,WELL DONE,standard,400,g,,1.29,,regular,https://cenudepo.lv/product/zalas-lecas-well-done-400g,3.225
lentils_green,own,2026-10-06,Maxima,06.10.2026,LĒCAS VALDO DZELTENĀS ŠĶELTĀS 500G,VALDO,standard,500,g,,2.49,,regular,https://cenudepo.lv/product/lecas-valdo-dzeltenas-skeltas-500g,4.98
lentils_green,own,2026-10-06,Promo,06.10.2026,LĒCAS VALDO DZELTENĀS ŠĶELTĀS 500G,VALDO,standard,500,g,,2.49,,regular,https://cenudepo.lv/product/lecas-valdo-dzeltenas-skeltas-500g,4.98
lentils_green,own,2026-10-06,Promo,06.10.2026,"LĒCAS MELNĀS BUON GUSTO,350G",,standard,350,g,,2.05,,regular,https://cenudepo.lv/product/lecas-melnas-buon-gusto-350g,5.857
lentils_green,own,2026-10-06,Promo,06.10.2026,LĒCAS DZELTENĀS BUON GUSTO350G,BOUN GUSTO,standard,350,g,,2.05,,regular,https://cenudepo.lv/product/lecas-dzeltenas-buon-gusto350g,5.857
lentils_green,own,2026-10-06,Rimi,06.10.2026,LĒCAS BONDUELLE VAPEUR 310G/265G,BONDUELLE,standard,265,g,,2.15,,regular,https://cenudepo.lv/product/lecas-bonduelle-vapeur-310g-265g,8.113
lentils_green,own,2026-10-06,Promo,06.10.2026,LĒCAS BONDUELLE VAPEUR 310G/265G,BONDUELLE,standard,265,g,,2.29,,regular,https://cenudepo.lv/product/lecas-bonduelle-vapeur-310g-265g,8.642
peas_split,own,2026-10-06,Citro,06.10.2026,ZIRŅI FASMA ŠĶELTIE 800G,GALINTA,standard,800,g,,0.75,,regular,https://cenudepo.lv/product/zirni-fasma-skeltie-800g,0.9375
peas_split,own,2026-10-06,Maxima,06.10.2026,ŠĶELTIE ZIRŅI EXTRA LINE 800G,,standard,800,g,,0.75,,regular,https://cenudepo.lv/product/skeltie-zirni-extra-line-800g,0.9375
peas_split,own,2026-10-06,Rimi,06.10.2026,ŠĶELTIE ZIRŅI RIMI SMART 800G,RIMI SMART,store_brand,800,g,,0.75,,regular,https://cenudepo.lv/product/skeltie-zirni-rimi-smart-800g,0.9375
peas_split,own,2026-10-06,Promo,06.10.2026,"ZIRNI ŠĶELTIE LIMOR, 800G",LIMOR,standard,800,g,,1.05,,regular,https://cenudepo.lv/product/zirnn-skeltie-limor-800g,1.312
peas_split,own,2026-10-06,Promo,06.10.2026,"ZIRŅI ARIADNA, SLĪPĒTIE, ŠĶELTIE,800G",Ariadna,standard,800,g,,1.09,,regular,https://cenudepo.lv/product/zirni-ariadna-slipetie-skeltie-800g,1.363
peas_split,own,2026-10-06,Maxima,06.10.2026,ZIRŅI DZELTENIE NAŠA KAŠA ŠĶELTI 900G,NAŠA KAŠA,standard,900,g,,1.49,,regular,https://cenudepo.lv/product/zirni-dzeltenie-nasa-kasa-skelti-900g,1.656
peas_split,own,2026-10-06,Promo,06.10.2026,"ZAĻIE ŠĶELTIE ZIRŅI BUON GUSTO,350G",,standard,350,g,,1.25,,regular,https://cenudepo.lv/product/zalie-skeltie-zirni-buon-gusto-350g,3.571
peas_split,own,2026-10-06,Maxima,05.10.2026,ZIRŅI EXTRA LINE 800G,EXTRA LINE,standard,800,g,,0.75,,regular,https://cenudepo.lv/product/zirni-extra-line-800g,0.9375
peas_grey,own,2026-10-06,Maxima,06.10.2026,ZIRŅI ZELTA SAULE PELĒKIE 1KG,ZELTA SAULE,standard,1000,g,,1.79,,regular,https://cenudepo.lv/product/zirni-zelta-saule-pelekie-1kg,1.79
peas_grey,own,2026-10-06,Citro,06.10.2026,ZIRŅI ZELTA SAULE PELĒKIE 1KG,ZELTA SAULE,standard,1000,g,,1.99,,regular,https://cenudepo.lv/product/zirni-zelta-saule-pelekie-1kg,1.99
peas_grey,own,2026-10-06,Promo,06.10.2026,"ZIRŅI PELĒKIE VALDO, 1KG",VALDO,standard,1000,g,,2.99,,regular,https://cenudepo.lv/product/zirni-pelekie-valdo-1kg,2.99
peas_grey,own,2026-10-06,Rimi,06.10.2026,"ZIRŅI PELĒKIE VALDO, 1KG",VALDO,standard,1000,g,,3.09,,regular,https://cenudepo.lv/product/zirni-pelekie-valdo-1kg,3.09
chickpeas_dried,own,2026-10-06,Gemoss,06.10.2026,TURKU ZIRŅI JUST NATURE 500G,JUST NATURE,standard,500,g,,1.14,,regular,https://cenudepo.lv/product/turku-zirni-just-nature-500g,2.28
chickpeas_dried,own,2026-10-06,Maxima,06.10.2026,TURKU ZIRŅI JUST NATURE 500G,JUST NATURE,standard,500,g,,1.89,,regular,https://cenudepo.lv/product/turku-zirni-just-nature-500g,3.78
chickpeas_dried,own,2026-10-06,Citro,06.10.2026,TURKU ZIRŅI JUST NATURE 500G,JUST NATURE,standard,500,g,,1.95,,regular,https://cenudepo.lv/product/turku-zirni-just-nature-500g,3.9
chickpeas_dried,own,2026-10-06,Maxima,06.10.2026,AUNAZIRŅI WELL DONE 500G,WELL DONE,standard,500,g,,1.49,,regular,https://cenudepo.lv/product/aunazirni-well-done-500g,2.98
chickpeas_dried,own,2026-10-06,Promo,06.10.2026,"TURKU ZIRŅI SEZERO, 900G",SEZERO,standard,900,g,,2.99,,regular,https://cenudepo.lv/product/turku-zirni-sezero-900g,3.322
chickpeas_dried,own,2026-10-06,Rimi,06.10.2026,TURKU ZIRŅI RIMI PLANET 400G,RIMI PLANET,standard,400,g,,1.49,,regular,https://cenudepo.lv/product/turku-zirni-rimi-planet-400g,3.725
chickpeas_dried,own,2026-10-06,Rimi,06.10.2026,AUNAZIRŅI RIMI VĀRĪTI 250G,RIMI,store_brand,250,g,,1.19,,regular,https://cenudepo.lv/product/aunazirni-rimi-variti-250g,4.76
beans_canned,own,2026-10-06,Maxima,06.10.2026,KONSERVĒTAS BALTĀS PUPIŅAS EXTRA LINE 400G,EXTRA LINE,standard,400,g,,0.59,,regular,https://cenudepo.lv/product/konservetas-baltas-pupinas-extra-line-400g,1.475
beans_canned,own,2026-10-06,Top!,22.09.2026,PUPIŅAS FIORINO SVIESTA 400G,FIORINO,standard,400,g,,0.69,,regular,https://cenudepo.lv/product/pupinas-fiorino-sviesta-400g,1.725
beans_canned,own,2026-10-06,Promo,06.10.2026,"PUPIŅAS BALTĀS TASTE LAND, 400G/240 G",Taste Land,standard,240,g,,0.89,,regular,https://cenudepo.lv/product/pupinas-baltas-taste-land-400g-240-g,3.708
beans_canned,own,2026-10-06,Rimi,06.10.2026,KONSERVĒTAS BALTĀS PUPIŅAS RIMI SMART 400/240G,RIMI SMART,store_brand,240,g,,0.59,,regular,https://cenudepo.lv/product/konservetas-baltas-pupinas-rimi-smart-400-240g,2.458
beans_canned,own,2026-10-06,Maxima,06.10.2026,KONSERVĒTAS PUPIŅAS BORLOTTI WELL DONE 400G,WELL DONE,standard,400,g,,0.99,,regular,https://cenudepo.lv/product/konservetas-pupinas-borlotti-well-done-400g,2.475
beans_canned,own,2026-10-06,Citro,06.10.2026,KONSERV. PUPIŅAS VALDO SVIESTA 400G,VALDO,standard,400,g,,1.05,1.29,discount_all,https://cenudepo.lv/product/konserv-pupinas-valdo-sviesta-400g,2.625
beans_canned,own,2026-10-06,Maxima,06.10.2026,EKOLOĢISKAS CANNELLINI PUPIŅAS WELL DONE 420G,WELL DONE,standard,420,g,,1.19,,regular,https://cenudepo.lv/product/ekologiskas-cannellini-pupinas-well-done-420g,2.833
beans_canned,own,2026-10-06,Maxima,06.10.2026,BALTĀS PUPIŅAS CIDACOS 570G,CIDACOS,standard,570,g,,1.99,,regular,https://cenudepo.lv/product/baltas-pupinas-cidacos-570g,3.491
beans_canned,own,2026-10-06,Rimi,06.10.2026,SVIESTA PUPIŅAS RIMI 400G/240G,RIMI,store_brand,240,g,,0.89,,regular,https://cenudepo.lv/product/sviesta-pupinas-rimi-400g-240g,3.708
beans_canned,own,2026-10-06,Rimi,06.10.2026,LĒCAS RIMI 400G/240G,RIMI,store_brand,240,g,,0.99,,regular,https://cenudepo.lv/product/lecas-rimi-400g-240g,4.125
beans_canned,own,2026-10-06,Rimi,06.10.2026,PUPIŅU MAISĪJUMS RIMI ČETRI VEIDI 400G/240G,,standard,240,g,,0.99,,regular,https://cenudepo.lv/product/pupinu-maisijums-rimi-cetri-veidi-400g-240g,4.125
beans_canned,own,2026-10-06,Maxima,06.10.2026,TVAICĒT.PUPIŅAS CANELLINI WELL DONE 150G,WELL DONE,standard,150,g,,0.69,,regular,https://cenudepo.lv/product/tvaicet-pupinas-canellini-well-done-150g,4.6
beans_canned,own,2026-10-06,Citro,06.10.2026,SARKANĀS PUPIŅAS GLOBUS VAKUUMA 326G,GLOBUS,standard,326,g,,1.59,1.95,discount_all,https://cenudepo.lv/product/sarkanas-pupinas-globus-vakuuma-326g,4.877
beans_canned,own,2026-10-06,Rimi,06.10.2026,SVIESTA PUPIŅAS BLIK 400G/240G,BLIK,standard,240,g,,1.29,,regular,https://cenudepo.lv/product/sviesta-pupinas-blik-400g-240g,5.375
beans_canned,own,2026-10-06,Maxima,06.10.2026,SVIESTA PUPIŅAS GLOBUS TVAICĒTAS 326G,GLOBUS,standard,326,g,,1.89,,regular,https://cenudepo.lv/product/sviesta-pupinas-globus-tvaicetas-326g,5.798
beans_canned,own,2026-10-06,Citro,06.10.2026,BALTĀS SVIESTA PUPIŅAS GLOBUS 326G/285G,GLOBUS,standard,285,g,,1.79,,regular,https://cenudepo.lv/product/baltas-sviesta-pupinas-globus-326g-285g,6.281
beans_canned,own,2026-10-06,Rimi,06.10.2026,BALTĀS SVIESTA PUPIŅAS GLOBUS 326G/285G,GLOBUS,standard,285,g,,1.89,,regular,https://cenudepo.lv/product/baltas-sviesta-pupinas-globus-326g-285g,6.632
beans_canned,own,2026-10-06,Maxima,06.10.2026,TVAICĒTAS SARKANĀS PUPIŅAS BONDUELLE VAPEUR 310G,BONDUELLE,standard,310,g,,2.45,,regular,https://cenudepo.lv/product/tvaicetas-sarkanas-pupinas-bonduelle-vapeur-310g,7.903
beans_canned,own,2026-10-06,Gemoss,06.10.2026,MUNG PUPIŅU DĪGSTI ŪDENĪ 370ML/180G MIKADO,MIKADO,standard,180,g,,1.67,,regular,https://cenudepo.lv/product/mung-pupinu-digsti-udeni-370ml-180g-mikado,9.278
chickpeas_canned,own,2026-10-06,Top!,22.09.2026,TURKU ZIRŅI FIORINO 400G,FIORINO,standard,400,g,,0.65,,regular,https://cenudepo.lv/product/turku-zirni-fiorino-400g,1.625
chickpeas_canned,own,2026-10-06,Citro,06.10.2026,KONSERVĒTI TURKU ZIRŅI KOK 400G,,standard,400,g,,0.85,1.05,discount_all,https://cenudepo.lv/product/konserveti-turku-zirni-kok-400g,2.125
chickpeas_canned,own,2026-10-06,Maxima,06.10.2026,KONSERVĒTI AUNAZIRŅI EXTRA LINE 330 G,EXTRA LINE,standard,330,g,,0.75,,regular,https://cenudepo.lv/product/konserveti-aunazirni-extra-line-330-g,2.273
chickpeas_canned,own,2026-10-06,Promo,06.10.2026,"TURKU ZIRŅI KONSERVĒTI TASTE LAND,400G/240G",Taste Land,standard,240,g,,0.99,,regular,https://cenudepo.lv/product/turku-zirni-konserveti-taste-land-400g-240g,4.125
chickpeas_canned,own,2026-10-06,Maxima,06.10.2026,"EKOLOĢISKIE AUNAZIRŅI WELL DONE, 425G",WELL DONE,standard,425,g,,1.39,,regular,https://cenudepo.lv/product/ekologiskie-aunazirni-well-done-425g,3.271
chickpeas_canned,own,2026-10-06,Maxima,06.10.2026,KONSERVĒTI TURKU ZIRŅI WELL DONE 330G,,standard,330,g,,1.29,,regular,https://cenudepo.lv/product/konserveti-turku-zirni-well-done-330g,3.909
chickpeas_canned,own,2026-10-06,Promo,06.10.2026,ZIRŅI DIMDIŅI TURKU VĀRĪTI 250G,Dimdiņi,standard,250,g,,1.19,,regular,https://cenudepo.lv/product/zirni-dimdini-turku-variti-250g,4.76
chickpeas_canned,own,2026-10-06,Citro,06.10.2026,ZIRŅI DIMDIŅI TURKU VĀRĪTI 250G,Dimdiņi,standard,250,g,,1.49,,regular,https://cenudepo.lv/product/zirni-dimdini-turku-variti-250g,5.96
chickpeas_canned,own,2026-10-06,Promo,06.10.2026,"TURKU ZIRŅI RISTORIS, 800G/ 480G",RISTORIS,standard,480,g,,2.39,,regular,https://cenudepo.lv/product/turku-zirni-ristoris-800g-480g,4.979
chickpeas_canned,own,2026-10-06,Maxima,06.10.2026,TVAICĒTI AUNAZIRŅI WELL DONE 150G,WELL DONE,standard,150,g,,0.79,,regular,https://cenudepo.lv/product/tvaiceti-aunazirni-well-done-150g,5.267
chickpeas_canned,own,2026-10-06,Maxima,06.10.2026,TURKU ZIRNĪŠI CIDACOS 570G/400G,CIDACOS,standard,400,g,,2.29,,regular,https://cenudepo.lv/product/turku-zirnisi-cidacos-570g-400g,5.725
chickpeas_canned,own,2026-10-06,Rimi,06.10.2026,TURKU ZIRNĪŠI CIDACOS 570G/400G,CIDACOS,standard,400,g,,2.89,,regular,https://cenudepo.lv/product/turku-zirnisi-cidacos-570g-400g,7.225
chickpeas_canned,own,2026-10-06,Promo,06.10.2026,"TURKU ZIRŅI RISTORIS, 2.5KG/1.5KG",RISRTORIS,standard,1500,g,,8.99,,regular,https://cenudepo.lv/product/turku-zirni-ristoris-2-5kg-1-5kg,5.993
chickpeas_canned,own,2026-10-06,Rimi,06.10.2026,TURKU ZIRNI TVAICĒTI “VAPEUR” BONDUELLE310G/265G,BONDUELLE,standard,265,g,,1.95,,regular,https://cenudepo.lv/product/turku-zirni-tvaiceti-vapeur-bonduelle310g-265g,7.358
chickpeas_canned,own,2026-10-06,Promo,06.10.2026,TURKU ZIRNI TVAICĒTI “VAPEUR” BONDUELLE310G/265G,BONDUELLE,standard,265,g,,1.99,,regular,https://cenudepo.lv/product/turku-zirni-tvaiceti-vapeur-bonduelle310g-265g,7.509
chickpeas_canned,own,2026-10-06,Promo,06.10.2026,"TURKU ZIRŅI BONDUELLE,2.55/2.1 KG",,standard,2100,g,,17.79,,regular,https://cenudepo.lv/product/turku-zirni-bonduelle-2-55-2-1-kg,8.471
chickpeas_canned,own,2026-10-06,Promo,06.10.2026,"TURKU ZIRŅI «SOUS VIDE» BONDUELLE,620/530G",,standard,530,g,,4.99,,regular,https://cenudepo.lv/product/turku-zirni-sous-vide-bonduelle-620-530g,9.415
chickpeas_canned,own,2026-10-06,Maxima,06.10.2026,AUNAZIRŅI GLOBUS VAKUUMA IEPAKOJUMĀ 140G,GLOBUS,standard,140,g,,1.39,,regular,https://cenudepo.lv/product/aunazirni-globus-vakuuma-iepakojuma-140g,9.929
chickpeas_canned,own,2026-10-06,Gemoss,06.10.2026,"ZIRNĪŠI TURKU, 240G (425ML)",GEMOSS COLLECTION,standard,425,ml,,0.69,,regular,https://cenudepo.lv/product/zirnisi-turku-240g-425ml,1.624
tofu,own,2026-10-06,Rimi,,DABĪGAIS TOFU LUNTER 180G,LUNTER,standard,180,g,,0.99,1.25,discount_all,https://cenudepo.lv/product/dabigais-tofu-lunter-180g,5.5
tofu,own,2026-10-06,Maxima,06.10.2026,DABĪGAIS TOFU LUNTER 180G,LUNTER,standard,180,g,,1.19,,regular,https://cenudepo.lv/product/dabigais-tofu-lunter-180g,6.611
tofu,own,2026-10-06,Maxima,06.10.2026,KŪPINĀTS TOFU LUNTER 180G,LUNTER,standard,180,g,,1.19,,regular,https://cenudepo.lv/product/kupinats-tofu-lunter-180g,6.611
tofu,own,2026-10-06,Maxima,06.10.2026,MARINĒTS TOFU LUNTER 180G,LUNTER,standard,180,g,,1.19,,regular,https://cenudepo.lv/product/marinets-tofu-lunter-180g,6.611
tofu,own,2026-10-06,Rimi,06.10.2026,MARINĒTS TOFU LUNTER 180G,LUNTER,standard,180,g,,1.39,,regular,https://cenudepo.lv/product/marinets-tofu-lunter-180g,7.722
tofu,own,2026-10-06,Maxima,05.10.2026,TOFU BERIEF SOJAS KŪPINĀTS 350G,BERIEF,standard,350,g,,3.69,,regular,https://cenudepo.lv/product/tofu-berief-sojas-kupinats-350g,10.54
tofu,own,2026-10-06,Gemoss,06.10.2026,ZĪDAINS TOFU MORINAGA 307G,MORINAGA,standard,307,g,,3.9,,regular,https://cenudepo.lv/product/zidains-tofu-morinaga-307g,12.7
tofu,own,2026-10-06,Maxima,01.10.2026,ZĪDAINS TOFU MORINAGA 307G,MORINAGA,standard,307,g,,3.99,,regular,https://cenudepo.lv/product/zidains-tofu-morinaga-307g,13
tofu,own,2026-10-06,Rimi,06.10.2026,ZĪDAINS TOFU MORINAGA 307G,MORINAGA,standard,307,g,,4.69,,regular,https://cenudepo.lv/product/zidains-tofu-morinaga-307g,15.28
tofu,own,2026-10-06,Maxima,06.10.2026,TOFU SMĒRIŅŠ AR MAURLOKIEM LUNTER 140G,LUNTER,standard,140,g,,1.99,,regular,https://cenudepo.lv/product/tofu-smerins-ar-maurlokiem-lunter-140g,14.21
soy_chunks,own,2026-10-06,Gemoss,06.10.2026,SOJAS GABALIŅI JUST NATURE 300G,JUST NATURE,standard,300,g,,2.16,,regular,https://cenudepo.lv/product/sojas-gabalini-just-nature-300g,7.2
soy_chunks,own,2026-10-06,Rimi,,VISTAS FILEJAS TIPA SOJAS STEIKI LIKE MEAT 180G,LIKE MEAT,standard,180,g,,3.49,3.99,discount_all,https://cenudepo.lv/product/vistas-filejas-tipa-sojas-steiki-like-meat-180g,19.39
soy_chunks,own,2026-10-06,Maxima,06.10.2026,VISTAS FILEJAS TIPA SOJAS STEIKI LIKE MEAT 180G,LIKE MEAT,standard,180,g,,3.49,,regular,https://cenudepo.lv/product/vistas-filejas-tipa-sojas-steiki-like-meat-180g,19.39
soy_chunks,own,2026-10-06,Maxima,06.10.2026,VEGĀNISKIE SOJAS UN KVIEŠU OLBALTUMVIELU PLĀCENĪŠI GARDEN GOURMET 150G,GARDEN GOURMET,standard,150,g,,3.49,,regular,https://cenudepo.lv/product/veganiskie-sojas-un-kviesu-olbaltumvielu-placenisi-garden-gourmet-150g,23.27
soy_chunks,own,2026-10-06,Promo,06.10.2026,"SALDĒTAS VEGĀNISKĀS DESIŅAS UZ SOJAS BĀZES PLNT, AR LIELLOPA GAĻAS GARŠU, 4X40G, 160G",,standard,160,g,,4.49,,regular,https://cenudepo.lv/product/saldetas-veganiskas-desinas-uz-sojas-bazes-plnt-ar-liellopa-galas-garsu-4x40g-160g,28.06
chicken_thigh_fillet,own,2026-10-06,Maxima,06.10.2026,CĀĻA ŠĶIŅĶI ATKAULOTI BEZ ĀDAS WD 500 G,,standard,500,g,,2.95,,regular,https://cenudepo.lv/product/cala-skinki-atkauloti-bez-adas-wd-500-g-27444,5.9
chicken_thigh_fillet,own,2026-10-06,Maxima,06.10.2026,CĀĻA ŠĶIŅĶI ATKAULOTI BEZ ĀDAS BEZ ANTIBIOTIKĀM KG,,standard,1000,g,,6.47,,regular,https://cenudepo.lv/product/cala-skinki-atkauloti-bez-adas-bez-antibiotikam-kg,6.47
chicken_thigh_fillet,own,2026-10-06,Rimi,06.10.2026,CĀĻU ŠĶIŅĶI ATKAULOTI BEZ ĀDAS FAS. 500G ĶEKAVA,ĶEKAVA,standard,500,g,,4.99,,regular,https://cenudepo.lv/product/calu-skinki-atkauloti-bez-adas-fas-500g-kekava,9.98
turkey_fillet,own,2026-10-06,Rimi,06.10.2026,TĪTARA KRŪTIŅAS FILEJA RIMI ŠĶĒLĒS 360G,RIMI,store_brand,360,g,,4.29,,regular,https://cenudepo.lv/product/titara-krutinas-fileja-rimi-skeles-360g,11.92
turkey_fillet,own,2026-10-06,Velto,06.10.2026,"TĪTARA FILEJAS ESKALOPS, ATDZ., VAK., ~1.2KG, FRANCIJA",POULE TOQUE,standard,1200,g,,15.52,,regular,https://cenudepo.lv/product/titara-filejas-eskalops-atdz-vak-1-2kg-francija,12.93
beef_steak,own,2026-10-06,Maxima,06.10.2026,LIELLOPA STEIKS FEEL THE BEEF DRY AGED CHUCK-EYE 400G,FEEL THE BEEF,standard,400,g,,9.49,,regular,https://cenudepo.lv/product/liellopa-steiks-feel-the-beef-dry-aged-chuck-eye-400g,23.72
beef_steak,own,2026-10-06,Velto,06.10.2026,"LIELLOPA SĀNU STEIKS (FLANK STEAK), ATDZ., VAK., ~0,5 KG, NAMĪBIJA",VELTO,standard,500,g,,14.05,,regular,https://cenudepo.lv/product/liellopa-sanu-steiks-flank-steak-atdz-vak-0-5-kg-namibija,28.1
beef_steak,own,2026-10-06,Maxima,06.10.2026,BRIEDINĀTS LIELLOPA RUMP STEIKS WELL DONE  220G,WELL DONE,standard,220,g,,6.99,,regular,https://cenudepo.lv/product/briedinats-liellopa-rump-steiks-well-done-220g,31.77
beef_steak,own,2026-10-06,Maxima,06.10.2026,BRIEDINĀTS LIELLOPA PLECU GAĻAS STEIKS WELL DONE 220G,WELL DONE,standard,220,g,,6.99,,regular,https://cenudepo.lv/product/briedinats-liellopa-plecu-galas-steiks-well-done-220g,31.77
beef_steak,own,2026-10-06,Rimi,,LIELLOPA ANTREKOTA STEIKS RIMI 200G,RIMI,store_brand,200,g,,6.69,8.39,discount_all,https://cenudepo.lv/product/liellopa-antrekota-steiks-rimi-200g,33.45
beef_steak,own,2026-10-06,Rimi,06.10.2026,LIELLOPA RUMPSTEIKS RIMI 200G,RIMI,store_brand,200,g,,6.69,,regular,https://cenudepo.lv/product/liellopa-rumpsteiks-rimi-200g,33.45
beef_steak,own,2026-10-06,Maxima,06.10.2026,BRIEDINĀTS FILEJAS STEIKS WELL DONE 240G,WELL DONE,standard,240,g,,8.99,,regular,https://cenudepo.lv/product/briedinats-filejas-steiks-well-done-240g,37.46
beef_steak,own,2026-10-06,Promo,06.10.2026,"RIB STEIKS AR KAULU (NOGATAVINĀTS) ~ 400G, SALDĒTS",,standard,400,g,,39.99,,regular,https://cenudepo.lv/product/rib-steiks-ar-kaulu-nogatavinats-400g-saldets,99.98
beef_steak,own,2026-10-06,Maxima,06.10.2026,BRIEDIN. ANTREKOTA STEIKS WELL DONE 240G,WELL DONE,standard,240,g,,9.79,,regular,https://cenudepo.lv/product/briedin-antrekota-steiks-well-done-240g,40.79
beef_steak,own,2026-10-06,Maxima,06.10.2026,"LIELLOPA STEIKS DRY AGED ENTRECOTE 
 BIOVELA 220G",BIOVELA,standard,220,g,,8.99,,regular,https://cenudepo.lv/product/liellopa-steiks-dry-aged-entrecote-biovela-220g,40.86
beef_steak,own,2026-10-06,Maxima,06.10.2026,LIELLOPA STEIKS FEEL THE BEEF DRY AGED STRIP 220G,FEEL THE BEEF,standard,220,g,,8.99,,regular,https://cenudepo.lv/product/liellopa-steiks-feel-the-beef-dry-aged-strip-220g,40.86
beef_steak,own,2026-10-06,Maxima,23.09.2026,LIELLOPA FILEJAS STEIKS WELL DONE PREMIUM BEZ KAULA 220G,WELL DONE PREMIUM,standard,220,g,,8.99,,regular,https://cenudepo.lv/product/liellopa-filejas-steiks-well-done-premium-bez-kaula-220g,40.86
beef_steak,own,2026-10-06,Maxima,23.09.2026,LIELLOPA GAĻAS ANTREKOTA STEIKS WELL DONE PREMIUM BEZ KAULA 220G,WELL DONE PREMIUM,standard,220,g,,8.99,,regular,https://cenudepo.lv/product/liellopa-galas-antrekota-steiks-well-done-premium-bez-kaula-220g,40.86
beef_steak,own,2026-10-06,Maxima,06.10.2026,LIELLOPA GAĻAS STEIKS NEW YORK BV 240G,BIOVELA,standard,240,g,,9.99,,regular,https://cenudepo.lv/product/liellopa-galas-steiks-new-york-bv-240g,41.62
beef_steak,own,2026-10-06,Maxima,06.10.2026,LIELLOPA GAĻAS STEIKS RIB EYE BV 240 G,BIOVELA,standard,240,g,,9.99,,regular,https://cenudepo.lv/product/liellopa-galas-steiks-rib-eye-bv-240-g,41.62
beef_steak,own,2026-10-06,Maxima,06.10.2026,LIELLOPU GAĻAS STEIKS BLACK ANGUS 220G,KITCHEN ME,standard,220,g,,10.99,,regular,https://cenudepo.lv/product/liellopu-galas-steiks-black-angus-220g,49.95
beef_steak,own,2026-10-06,Maxima,06.10.2026,LIELLOPA STEIKS FEEL THE BEEF DRY AGED RIB-EYE 260G,FEEL THE BEEF,standard,260,g,,12.99,,regular,https://cenudepo.lv/product/liellopa-steiks-feel-the-beef-dry-aged-rib-eye-260g,49.96
beef_steak,own,2026-10-06,Maxima,06.10.2026,LIELLOPA STEIKS FEEL THE BEEF STRIP MARBLE 220G,FEEL THE BEEF,standard,220,g,,18.99,,regular,https://cenudepo.lv/product/liellopa-steiks-feel-the-beef-strip-marble-220g,86.32
tuna_canned,own,2026-10-06,Rimi,06.10.2026,SASMALCINĀTA TUNZIVS SĀLĪJUMĀ RIMI SMART 185G/130G,RIMI SMART,store_brand,130,g,,0.87,,regular,https://cenudepo.lv/product/sasmalcinata-tunzivs-salijuma-rimi-smart-185g-130g,6.692
tuna_canned,own,2026-10-06,Citro,06.10.2026,SENDVIČA TUNCIS SAVĀ SULĀ BLIK 185G,BLIK,standard,185,g,,1.29,1.56,discount_all,https://cenudepo.lv/product/sendvica-tuncis-sava-sula-blik-185g,6.973
tuna_canned,own,2026-10-06,Maxima,06.10.2026,SENDVIČA TUNCIS SAVĀ SULĀ BLIK 185G,BLIK,standard,185,g,,1.39,,regular,https://cenudepo.lv/product/sendvica-tuncis-sava-sula-blik-185g,7.514
tuna_canned,own,2026-10-06,Promo,06.10.2026,SENDVIČA TUNCIS SAVĀ SULĀ BLIK 185G,BLIK,standard,185,g,,1.56,,regular,https://cenudepo.lv/product/sendvica-tuncis-sava-sula-blik-185g,8.432
tuna_canned,own,2026-10-06,Rimi,06.10.2026,TUNZIVS RIMI SMART SASMALCINĀTA SAVĀ SULĀ 425G/298G,RIMI SMART,store_brand,298,g,,2.79,,regular,https://cenudepo.lv/product/tunzivs-rimi-smart-sasmalcinata-sava-sula-425g-298g,9.362
tuna_canned,own,2026-10-06,Gemoss,06.10.2026,TUNČA GABALIŅI SAVĀ SULĀ 1705G/1260G GEMOSS COLLECTION,GEMOSS COLLECTION,standard,1260,g,,12.5,,regular,https://cenudepo.lv/product/tunca-gabalini-sava-sula-1705g-1260g-gemoss-collection,9.921
tuna_canned,own,2026-10-06,Promo,06.10.2026,"TUNCIS SAVĀ SULĀ MIKADO (GABALIŅI), 185 G",MIKADO,standard,185,g,,1.87,,regular,https://cenudepo.lv/product/tuncis-sava-sula-mikado-gabalini-185-g,10.11
tuna_canned,own,2026-10-06,Citro,06.10.2026,TUNČA GABALIŅI SAVĀ SULĀ 185G,,standard,185,g,,2.15,,regular,https://cenudepo.lv/product/tunca-gabalini-sava-sula-185g,11.62
tuna_canned,own,2026-10-06,Gemoss,06.10.2026,TUNČA GABALIŅI SAVĀ SULĀ 185G/130G GEMOSS COLLECTION,GEMOSS COLLECTION,standard,130,g,,1.56,,regular,https://cenudepo.lv/product/tunca-gabalini-sava-sula-185g-130g-gemoss-collection,12
tuna_canned,own,2026-10-06,Citro,06.10.2026,TUNCIS JOHN WEST GABALIŅOS SAVĀ SULĀ 145G,John West,standard,145,g,,1.89,,regular,https://cenudepo.lv/product/tuncis-john-west-gabalinos-sava-sula-145g,13.03
tuna_canned,own,2026-10-06,Maxima,06.10.2026,TUNCIS JOHN WEST GABALIŅOS SAVĀ SULĀ 145G,John West,standard,145,g,,2.99,,regular,https://cenudepo.lv/product/tuncis-john-west-gabalinos-sava-sula-145g,20.62
tuna_canned,own,2026-10-06,Promo,06.10.2026,TUNCIS JOHN WEST GABALIŅOS SAVĀ SULĀ 145G,John West,standard,145,g,,3.49,,regular,https://cenudepo.lv/product/tuncis-john-west-gabalinos-sava-sula-145g,24.07
tuna_canned,own,2026-10-06,Rimi,06.10.2026,TUNZIVS STEIKS MAMOS KONSERVAI SAVĀ SULĀ 185G,MAMOS KONSERVAI,standard,185,g,,2.49,,regular,https://cenudepo.lv/product/tunzivs-steiks-mamos-konservai-sava-sula-185g,13.46
tuna_canned,own,2026-10-06,Velto,06.10.2026,"TUNZIVS DZELTENSPURU, GABALIŅI (CHUNKS), SAVĀ SULĀ, 160G (S.S. 112G), ROSA DEI VENTI",ROSA DEI VENTI,standard,112,g,,2.22,,regular,https://cenudepo.lv/product/tunzivs-dzeltenspuru-gabalini-chunks-sava-sula-160g-s-s-112g-rosa-dei-venti,19.82
tuna_canned,own,2026-10-06,Maxima,06.10.2026,DZELTENSPURU TUNZIVS GABALIŅI SAVĀ SULĀ WELL DONE 2X120G,WELL DONE,standard,240,g,,3.69,,regular,https://cenudepo.lv/product/dzeltenspuru-tunzivs-gabalini-sava-sula-well-done-2x120g,15.38
tuna_canned,own,2026-10-06,Top!,06.10.2026,TUNČA STEIKS SAVĀ SULĀ CALVO 160G,Calvo,standard,160,g,,2.79,,regular,https://cenudepo.lv/product/tunca-steiks-sava-sula-calvo-160g,17.44
tuna_canned,own,2026-10-06,Maxima,06.10.2026,TUNČA STEIKS SAVĀ SULĀ CALVO 160G,Calvo,standard,160,g,,2.99,,regular,https://cenudepo.lv/product/tunca-steiks-sava-sula-calvo-160g,18.69
tuna_canned,own,2026-10-06,Citro,06.10.2026,TUNCIS SAVĀ SULĀ CALVO 3X80G,CALVO,standard,240,g,,4.19,,regular,https://cenudepo.lv/product/tuncis-sava-sula-calvo-3x80g,17.46
tuna_canned,own,2026-10-06,Maxima,06.10.2026,TUNCIS SAVĀ SULĀ CALVO 3X80G,CALVO,standard,240,g,,4.29,,regular,https://cenudepo.lv/product/tuncis-sava-sula-calvo-3x80g,17.88
tuna_canned,own,2026-10-06,Abrands,28.09.2026,TUNCIS RIO MARE SAVĀ SULĀ 2X160G/108G,RIO MARE,standard,108,g,,4.99,,regular,https://cenudepo.lv/product/tuncis-rio-mare-sava-sula-2x160g-108g,46.2
tuna_canned,own,2026-10-06,Rimi,,TUNCIS RIO MARE SAVĀ SULĀ 2X160G/108G,RIO MARE,standard,108,g,,6.99,9.89,discount_all,https://cenudepo.lv/product/tuncis-rio-mare-sava-sula-2x160g-108g,64.72
tuna_canned,own,2026-10-06,Rimi,15.09.2026,TUNZIVS FILEJA RIMI SAVĀ SULĀ3X80G/3X56G,RIMI,store_brand,168,g,,4.19,,regular,https://cenudepo.lv/product/tunzivs-fileja-rimi-sava-sula3x80g-3x56g,24.94
tuna_canned,own,2026-10-06,Rimi,,TUNČA STEIKS JW SAVĀ SULĀ 160G/112G,JOHN WEST,standard,112,g,,2.85,3.39,discount_all,https://cenudepo.lv/product/tunca-steiks-jw-sava-sula-160g-112g,25.45
tuna_canned,own,2026-10-06,Maxima,06.10.2026,TUNČA STEIKS JW SAVĀ SULĀ 160G/112G,JOHN WEST,standard,112,g,,3.39,,regular,https://cenudepo.lv/product/tunca-steiks-jw-sava-sula-160g-112g,30.27
tuna_canned,own,2026-10-06,Maxima,06.10.2026,TUNCIS RIO MARE SAVĀ SULĀ 3X80G,,standard,240,g,,6.99,,regular,https://cenudepo.lv/product/tuncis-rio-mare-sava-sula-3x80g,29.12
tuna_canned,own,2026-10-06,Maxima,06.10.2026,TUNCIS RIO MARE SAVĀ SULĀ 3+1 320G/224G,RIO MARE,standard,224,g,,8.69,,regular,https://cenudepo.lv/product/tuncis-rio-mare-sava-sula-3-1-320g-224g,38.79
tuna_canned,own,2026-10-06,Rimi,06.10.2026,TUNCIS RIO MARE SAVĀ SULĀ 3+1 320G/224G,RIO MARE,standard,224,g,,9.09,,regular,https://cenudepo.lv/product/tuncis-rio-mare-sava-sula-3-1-320g-224g,40.58
tuna_canned,own,2026-10-06,Promo,06.10.2026,TUNCIS RIO MARE SAVĀ SULĀ 3+1 320G/224G,RIO MARE,standard,224,g,,9.09,,regular,https://cenudepo.lv/product/tuncis-rio-mare-sava-sula-3-1-320g-224g,40.58
tuna_canned,own,2026-10-06,Rimi,06.10.2026,TUNZIVS SELECTION SAVĀ SULĀ MSC 200G/140G,SELECTION BY RIMI,standard,140,g,,5.99,,regular,https://cenudepo.lv/product/tunzivs-selection-sava-sula-msc-200g-140g,42.79
skyr,own,2026-10-06,Top!,06.10.2026,JOGURTS GRIEĶU ALMA PROTEĪNA 370G,ALMA,standard,370,g,,0.99,,regular,https://cenudepo.lv/product/jogurts-grieku-alma-proteina-370g,2.676
skyr,own,2026-10-06,Rimi,06.10.2026,JOGURTS SKYR BALTAIS BEZ PIEDEVĀM 400G,BALTAIS,standard,400,g,,1.85,,regular,https://cenudepo.lv/product/jogurts-skyr-baltais-bez-piedevam-400g,4.625
skyr,own,2026-10-06,Promo,06.10.2026,JOGURTS SKYR BALTAIS BEZ PIEDEVĀM 400G,BALTAIS,standard,400,g,,1.85,,regular,https://cenudepo.lv/product/jogurts-skyr-baltais-bez-piedevam-400g,4.625
skyr,own,2026-10-06,Velto,06.10.2026,JOGURTS BALTAIS SKYR ZEMEŅU 300G,BALTAIS,standard,300,g,,1.22,,regular,https://cenudepo.lv/product/jogurts-baltais-skyr-zemenu-300g,4.067
skyr,own,2026-10-06,Maxima,06.10.2026,JOGURTS BALTAIS SKYR ZEMEŅU 300G,BALTAIS,standard,300,g,,1.39,,regular,https://cenudepo.lv/product/jogurts-baltais-skyr-zemenu-300g,4.633
skyr,own,2026-10-06,Citro,06.10.2026,JOGURTS BALTAIS SKYR ZEMEŅU 300G,BALTAIS,standard,300,g,,1.49,,regular,https://cenudepo.lv/product/jogurts-baltais-skyr-zemenu-300g,4.967
skyr,own,2026-10-06,Rimi,06.10.2026,JOGURTS BALTAIS SKYR ZEMEŅU 300G,BALTAIS,standard,300,g,,1.69,,regular,https://cenudepo.lv/product/jogurts-baltais-skyr-zemenu-300g,5.633
skyr,own,2026-10-06,Rimi,21.09.2026,"JOGURTS SALLING SKYR BEZPIEDEVU 0,2% 1KG",SALLING,standard,1000,g,,4.99,,regular,https://cenudepo.lv/product/jogurts-salling-skyr-bezpiedevu-0-2-1kg,4.99
skyr,own,2026-10-06,Rimi,,JOGURTS FARMI SKYR MEŽA ZEMEŅU 150G,FARMI,standard,150,g,,0.75,0.89,discount_all,https://cenudepo.lv/product/jogurts-farmi-skyr-meza-zemenu-150g,5
skyr,own,2026-10-06,Maxima,06.10.2026,JOGURTS FARMI SKYR MEŽA ZEMEŅU 150G,FARMI,standard,150,g,,0.89,,regular,https://cenudepo.lv/product/jogurts-farmi-skyr-meza-zemenu-150g,5.933
skyr,own,2026-10-06,Rimi,,JOGURTS FARMI SKYR APELSĪNU STRACIATELLA 150G,FARMI,standard,150,g,,0.75,0.89,discount_all,https://cenudepo.lv/product/jogurts-farmi-skyr-apelsinu-straciatella-150g,5
skyr,own,2026-10-06,Maxima,06.10.2026,JOGURTS FARMI SKYR APELSĪNU STRACIATELLA 150G,FARMI,standard,150,g,,0.89,,regular,https://cenudepo.lv/product/jogurts-farmi-skyr-apelsinu-straciatella-150g,5.933
skyr,own,2026-10-06,Citro,06.10.2026,JOGURTS FARMI SKYR APELSĪNU STRACIATELLA 150G,FARMI,standard,150,g,,0.99,,regular,https://cenudepo.lv/product/jogurts-farmi-skyr-apelsinu-straciatella-150g,6.6
skyr,own,2026-10-06,Promo,06.10.2026,JOGURTS FARMI SKYR APELSĪNU STRACIATELLA 150G,FARMI,standard,150,g,,1.19,,regular,https://cenudepo.lv/product/jogurts-farmi-skyr-apelsinu-straciatella-150g,7.933
skyr,own,2026-10-06,Rimi,,JOGURTS FARMI SKYR MELLEŅU 150G,NO_TRANSLATION_FOUND_CD98659E-C77B-4C6F-B0CC-D6C024787B53,standard,150,g,,0.79,0.99,discount_all,https://cenudepo.lv/product/jogurts-farmi-skyr-mellenu-150g,5.267
skyr,own,2026-10-06,Maxima,06.10.2026,JOGURTS FARMI SKYR MELLEŅU 150G,NO_TRANSLATION_FOUND_CD98659E-C77B-4C6F-B0CC-D6C024787B53,standard,150,g,,0.89,,regular,https://cenudepo.lv/product/jogurts-farmi-skyr-mellenu-150g,5.933
skyr,own,2026-10-06,Promo,06.10.2026,JOGURTS FARMI SKYR MELLEŅU 150G,NO_TRANSLATION_FOUND_CD98659E-C77B-4C6F-B0CC-D6C024787B53,standard,150,g,,1.19,,regular,https://cenudepo.lv/product/jogurts-farmi-skyr-mellenu-150g,7.933
skyr,own,2026-10-06,Citro,06.10.2026,JOGURTS FARMI SKYR MEŽA ZEMEŅU 150G,FARMI,standard,150,g,,0.99,,regular,https://cenudepo.lv/product/jogurts-farmi-skyr-meza-zemenu-150g-87105,6.6
skyr,own,2026-10-06,Promo,05.10.2026,JOGURTS FARMI SKYR MEŽA ZEMEŅU 150G,FARMI,standard,150,g,,1.19,,regular,https://cenudepo.lv/product/jogurts-farmi-skyr-meza-zemenu-150g-87105,7.933
skyr,own,2026-10-06,Rimi,06.10.2026,JOGURTS VALIO PROFEEL PROTEĪNA UPEŅU 200G,PRO FEEL,standard,200,g,,1.35,,regular,https://cenudepo.lv/product/jogurts-valio-profeel-proteina-upenu-200g,6.75
cottage_cheese,own,2026-10-06,Maxima,06.10.2026,GRAUDAINAIS BIEZPIENS FARM MILK 5% 500G,,standard,500,g,,1.36,,regular,https://cenudepo.lv/product/graudainais-biezpiens-farm-milk-5-500g,2.72
cottage_cheese,own,2026-10-06,Rimi,06.10.2026,GRAUDAINAIS BIEZPIENS RIMI SMART 5% 200G,RIMI SMART,store_brand,200,g,,0.75,,regular,https://cenudepo.lv/product/graudainais-biezpiens-rimi-smart-5-200g,3.75
cottage_cheese,own,2026-10-06,Maxima,06.10.2026,BIEZPIENS WELL DONE 9% KG,,standard,1000,g,,4.49,,regular,https://cenudepo.lv/product/biezpiens-well-done-9-kg,4.49
cottage_cheese,own,2026-10-06,Maxima,06.10.2026,"BIEZPIENS FARM MILK 0,2% 250G",FARM MILK,standard,250,g,,1.19,,regular,https://cenudepo.lv/product/biezpiens-farm-milk-0-2-250g,4.76
cottage_cheese,own,2026-10-06,Maxima,06.10.2026,"BIEZPIENS WELL DONE 0,5% 500G",WELL DONE,standard,500,g,,2.49,,regular,https://cenudepo.lv/product/biezpiens-well-done-0-5-500g,4.98
cottage_cheese,own,2026-10-06,Maxima,,GRAUD.BIEZPIENS SMILTENE 9% 800 G,,standard,800,g,,3.99,6.19,discount_all,https://cenudepo.lv/product/graud-biezpiens-smiltene-9-800-g,4.988
cottage_cheese,own,2026-10-06,Rimi,,GRAUD.BIEZPIENS SMILTENE 9% 800 G,,standard,800,g,,6.19,,regular,https://cenudepo.lv/product/graud-biezpiens-smiltene-9-800-g,7.738
cottage_cheese,own,2026-10-06,Velto,06.10.2026,BIEZPIENS 5% JAUNPILS 275G,Jaunpils,standard,275,g,,1.39,,regular,https://cenudepo.lv/product/biezpiens-5-jaunpils-275g,5.055
cottage_cheese,own,2026-10-06,Maxima,,BIEZPIENS 5% JAUNPILS 275G,Jaunpils,standard,275,g,,1.69,2.09,discount_all,https://cenudepo.lv/product/biezpiens-5-jaunpils-275g,6.145
cottage_cheese,own,2026-10-06,Promo,06.10.2026,BIEZPIENS 5% JAUNPILS 275G,Jaunpils,standard,275,g,,2.09,,regular,https://cenudepo.lv/product/biezpiens-5-jaunpils-275g,7.6
cottage_cheese,own,2026-10-06,Citro,06.10.2026,BIEZPIENS 5% JAUNPILS 275G,Jaunpils,standard,275,g,,2.09,,regular,https://cenudepo.lv/product/biezpiens-5-jaunpils-275g,7.6
cottage_cheese,own,2026-10-06,Maxima,06.10.2026,BIEZPIENS FARM MILK 8% 250G,FARM MILK,standard,250,g,,1.29,,regular,https://cenudepo.lv/product/biezpiens-farm-milk-8-250g,5.16
cottage_cheese,own,2026-10-06,Velto,06.10.2026,BIEZPIENS JAUNPILS PILNPIENA 9% 275G,Jaunpils,standard,275,g,,1.48,,regular,https://cenudepo.lv/product/biezpiens-jaunpils-pilnpiena-9-275g,5.382
cottage_cheese,own,2026-10-06,Citro,06.10.2026,BIEZPIENS JAUNPILS PILNPIENA 9% 275G,Jaunpils,standard,275,g,,1.49,2.15,discount_all,https://cenudepo.lv/product/biezpiens-jaunpils-pilnpiena-9-275g,5.418
cottage_cheese,own,2026-10-06,Maxima,,BIEZPIENS JAUNPILS PILNPIENA 9% 275G,Jaunpils,standard,275,g,,1.79,2.19,discount_all,https://cenudepo.lv/product/biezpiens-jaunpils-pilnpiena-9-275g,6.509
cottage_cheese,own,2026-10-06,Promo,06.10.2026,BIEZPIENS JAUNPILS PILNPIENA 9% 275G,Jaunpils,standard,275,g,,2.19,,regular,https://cenudepo.lv/product/biezpiens-jaunpils-pilnpiena-9-275g,7.964
cottage_cheese,own,2026-10-06,Rimi,06.10.2026,BIEZPIENS JAUNPILS PILNPIENA 9% 275G,Jaunpils,standard,275,g,,2.25,,regular,https://cenudepo.lv/product/biezpiens-jaunpils-pilnpiena-9-275g,8.182
cottage_cheese,own,2026-10-06,Rimi,,"PILNPIENA BIEZPIENS STRAUPE, 9%, 1KG",Straupe,standard,1000,g,,5.49,6.99,discount_all,https://cenudepo.lv/product/pilnpiena-biezpiens-straupe-9-1kg,5.49
cottage_cheese,own,2026-10-06,Promo,06.10.2026,"PILNPIENA BIEZPIENS STRAUPE, 9%, 1KG",Straupe,standard,1000,g,,6.99,,regular,https://cenudepo.lv/product/pilnpiena-biezpiens-straupe-9-1kg,6.99
cottage_cheese,own,2026-10-06,Top!,06.10.2026,BIEZPIENS BALTAIS EXPORTA 9% PILNPIENA 250G,EXPORTA,standard,250,g,,1.49,,regular,https://cenudepo.lv/product/biezpiens-baltais-exporta-9-pilnpiena-250g,5.96
cottage_cheese,own,2026-10-06,Maxima,,BIEZPIENS BALTAIS EXPORTA 9% PILNPIENA 250G,EXPORTA,standard,250,g,,1.59,1.99,discount_all,https://cenudepo.lv/product/biezpiens-baltais-exporta-9-pilnpiena-250g,6.36
cottage_cheese,own,2026-10-06,Top!,,"GRAUDAINAIS BIEZPIENS 0,5% SMILTENE 400G",SMILTENES PIENS,standard,400,g,,2.39,2.49,discount_all,https://cenudepo.lv/product/graudainais-biezpiens-0-5-smiltene-400g,5.975
cottage_cheese,own,2026-10-06,Maxima,06.10.2026,"GRAUDAINAIS BIEZPIENS 0,5% SMILTENE 400G",SMILTENES PIENS,standard,400,g,,2.49,,regular,https://cenudepo.lv/product/graudainais-biezpiens-0-5-smiltene-400g,6.225
cottage_cheese,own,2026-10-06,Promo,05.10.2026,"GRAUDAINAIS BIEZPIENS 0,5% SMILTENE 400G",SMILTENES PIENS,standard,400,g,,3.09,,regular,https://cenudepo.lv/product/graudainais-biezpiens-0-5-smiltene-400g,7.725
cottage_cheese,own,2026-10-06,Rimi,,BIEZPIENS SMILTENE GRAUDAINAIS 9% 400G,SMILTENE,standard,400,g,,2.59,2.89,discount_all,https://cenudepo.lv/product/biezpiens-smiltene-graudainais-9-400g,6.475
cottage_cheese,own,2026-10-06,Rimi,05.10.2026,BIEZPIENS ŽEMAITIJOS  9% 1KG,ŽEMAITIJOS,standard,1000,g,,6.89,,regular,https://cenudepo.lv/product/biezpiens-zemaitijos-9-1kg,6.89
cottage_cheese,own,2026-10-06,Maxima,06.10.2026,"BIEZPIENS GRAUDAINAIS, 7%, ANNELE, 350G",Annele,standard,350,g,,2.59,,regular,https://cenudepo.lv/product/biezpiens-graudainais-7-annele-350g,7.4
cottage_cheese,own,2026-10-06,Rimi,06.10.2026,"BIEZPIENS GRAUDAINAIS, 7%, ANNELE, 350G",Annele,standard,350,g,,2.59,,regular,https://cenudepo.lv/product/biezpiens-graudainais-7-annele-350g,7.4
cottage_cheese,own,2026-10-06,Promo,06.10.2026,"BIEZPIENS GRAUDAINAIS, 7%, ANNELE, 350G",Annele,standard,350,g,,2.59,,regular,https://cenudepo.lv/product/biezpiens-graudainais-7-annele-350g,7.4
cottage_cheese,own,2026-10-06,Promo,02.10.2026,"GRAUDAINAIS BIEZPIENS SMILTENE, 0.5%, 200G",SMILTENES PIENS,standard,200,g,,1.59,,regular,https://cenudepo.lv/product/graudainais-biezpiens-smiltene-0-5-200g,7.95
cottage_cheese,own,2026-10-06,Top!,,"GRAUDAINAIS BIEZPIENS SMILTENE, 0.5%, 200G",SMILTENES PIENS,standard,200,g,,1.59,,regular,https://cenudepo.lv/product/graudainais-biezpiens-smiltene-0-5-200g,7.95
cottage_cheese,own,2026-10-06,Rimi,06.10.2026,"GRAUDAINAIS BIEZPIENS SMILTENE, 0.5%, 200G",SMILTENES PIENS,standard,200,g,,1.59,,regular,https://cenudepo.lv/product/graudainais-biezpiens-smiltene-0-5-200g,7.95
cottage_cheese,own,2026-10-06,Maxima,06.10.2026,"GRAUDAINAIS BIEZPIENS SMILTENE, 0.5%, 200G",SMILTENES PIENS,standard,200,g,,1.59,,regular,https://cenudepo.lv/product/graudainais-biezpiens-smiltene-0-5-200g,7.95
cottage_cheese,own,2026-10-06,Citro,06.10.2026,"GRAUDAINAIS BIEZPIENS SMILTENE, 0.5%, 200G",SMILTENES PIENS,standard,200,g,,1.65,,regular,https://cenudepo.lv/product/graudainais-biezpiens-smiltene-0-5-200g,8.25
cottage_cheese,own,2026-10-06,Promo,06.10.2026,"VĀJPIENA BIEZPIENS STRAUPE 0,5% 400G",STRAUPE,standard,400,g,,3.45,,regular,https://cenudepo.lv/product/vajpiena-biezpiens-straupe-0-5-400g,8.625
cottage_cheese,own,2026-10-06,Rimi,06.10.2026,"VĀJPIENA BIEZPIENS STRAUPE 0,5% 400G",STRAUPE,standard,400,g,,3.45,,regular,https://cenudepo.lv/product/vajpiena-biezpiens-straupe-0-5-400g,8.625
cottage_cheese,own,2026-10-06,Rimi,06.10.2026,BIEZPIENS VALMIERA LIELGRAUDU 5% 185G,VALMIERA,standard,185,g,,1.79,,regular,https://cenudepo.lv/product/biezpiens-valmiera-lielgraudu-5-185g,9.676
peanut_butter,own,2026-10-06,Abrands,28.09.2026,ZEMESRIEKSTU KREMS PAUZE CREAMY 340G,,standard,340,g,,1.79,,regular,https://cenudepo.lv/product/zemesriekstu-krems-pauze-creamy-340g,5.265
peanut_butter,own,2026-10-06,Citro,06.10.2026,ZEMESRIEKSTU KREMS PAUZE CREAMY 340G,,standard,340,g,,2.29,,regular,https://cenudepo.lv/product/zemesriekstu-krems-pauze-creamy-340g,6.735
peanut_butter,own,2026-10-06,Rimi,06.10.2026,ZEMESRIEKSTU KRĒMS RIMI SMART KRĒMĪGAIS 350G,RIMI SMART,store_brand,350,g,,2.29,,regular,https://cenudepo.lv/product/zemesriekstu-krems-rimi-smart-kremigais-350g,6.543
peanut_butter,own,2026-10-06,Rimi,06.10.2026,ZEMESRIEKSTU KRĒMS RIMI SMART CRUNCHY 350G,RIMI SMART,store_brand,350,g,,2.29,,regular,https://cenudepo.lv/product/zemesriekstu-krems-rimi-smart-crunchy-350g,6.543
peanut_butter,own,2026-10-06,Maxima,06.10.2026,ZEMESRIEKSTU KRĒMS WELL DONE CREAMY 300G,WELL DONE,standard,300,g,,1.99,,regular,https://cenudepo.lv/product/zemesriekstu-krems-well-done-creamy-300g,6.633
peanut_butter,own,2026-10-06,Citro,06.10.2026,ZEMESRIEKSTU KREMS PAUZE CRUNCHY 340G,,standard,340,g,,2.29,,regular,https://cenudepo.lv/product/zemesriekstu-krems-pauze-crunchy-340g,6.735
peanut_butter,own,2026-10-06,Maxima,06.10.2026,ZEMESRIEKSTU SVIESTS NUTEGO KRĒMĪGAIS 250G,NUTEGO,standard,250,g,,2.49,,regular,https://cenudepo.lv/product/zemesriekstu-sviests-nutego-kremigais-250g,9.96
peanut_butter,own,2026-10-06,Gemoss,06.10.2026,ZEMESRIEKSTU SVIESTS NUTEGO KRĒMĪGAIS 250G,NUTEGO,standard,250,g,,3.09,,regular,https://cenudepo.lv/product/zemesriekstu-sviests-nutego-kremigais-250g,12.36
peanut_butter,own,2026-10-06,Promo,06.10.2026,ZEMESRIEKSTU SVIESTS NUTEGO KRĒMĪGAIS 250G,NUTEGO,standard,250,g,,3.32,,regular,https://cenudepo.lv/product/zemesriekstu-sviests-nutego-kremigais-250g,13.28
peanut_butter,own,2026-10-06,Rimi,06.10.2026,ZEMESRIEKSTU SVIESTS NUTEGO KLASISKAIS 250G,NUTEGO,standard,250,g,,3.19,,regular,https://cenudepo.lv/product/zemesriekstu-sviests-nutego-klasiskais-250g,12.76
peanut_butter,own,2026-10-06,Maxima,03.10.2026,PROTEĪNA GRAUZDĒTU ZEMESRIEKSTU KRĒMS GO ON 180G,GO ON,standard,180,g,,3.79,,regular,https://cenudepo.lv/product/proteina-grauzdetu-zemesriekstu-krems-go-on-180g,21.06
peanut_butter,own,2026-10-06,Promo,06.10.2026,"ZEMESRIEKSTU SVIESTS  NUTEGO CLASSIC, KRĒMĪGAIS, 30G",Nutego,standard,30,g,,1.08,,regular,https://cenudepo.lv/product/zemesriekstu-sviests-nutego-classic-kremigais-30g,36
walnuts,own,2026-10-06,Top!,22.09.2026,VALRIEKSTI ALIS CO ČAUMALĀ 300G,ALIS CO,standard,300,g,,2.05,,regular,https://cenudepo.lv/product/valrieksti-alis-co-caumala-300g,6.833
walnuts,own,2026-10-06,Labais,06.10.2026,VALRIEKSTI ALIS CO LOBĪTI 500G,ALIS CO,standard,500,g,,4.39,,regular,https://cenudepo.lv/product/valrieksti-alis-co-lobiti-500g,8.78
walnuts,own,2026-10-06,Maxima,06.10.2026,VALRIEKSTI ALIS CO LOBĪTI 500G,ALIS CO,standard,500,g,,5.29,,regular,https://cenudepo.lv/product/valrieksti-alis-co-lobiti-500g,10.58
walnuts,own,2026-10-06,Top!,22.09.2026,VALRIEKSTI ALIS CO LOBĪTI 500G,ALIS CO,standard,500,g,,5.29,,regular,https://cenudepo.lv/product/valrieksti-alis-co-lobiti-500g,10.58
walnuts,own,2026-10-06,Rimi,06.10.2026,VALRIEKSTI ALIS CO LOBĪTI 500G,ALIS CO,standard,500,g,,8.99,,regular,https://cenudepo.lv/product/valrieksti-alis-co-lobiti-500g,17.98
walnuts,own,2026-10-06,Maxima,06.10.2026,VALRIEKSTI WELL DONE LOBĪTI 500G,WELL DONE,standard,500,g,,4.99,,regular,https://cenudepo.lv/product/valrieksti-well-done-lobiti-500g,9.98
walnuts,own,2026-10-06,Maxima,06.10.2026,VALRIEKSTI LOBITI EXTRA LINE 150G,,standard,150,g,,1.69,,regular,https://cenudepo.lv/product/valrieksti-lobiti-extra-line-150g,11.27
walnuts,own,2026-10-06,Citro,06.10.2026,VALRIEKSTI ARIMEX TĪRĪTI 300G,ARIMEX,standard,300,g,,3.49,4.99,discount_all,https://cenudepo.lv/product/valrieksti-arimex-tiriti-300g,11.63
walnuts,own,2026-10-06,Maxima,05.10.2026,VALRIEKSTI ARIMEX TĪRĪTI 300G,ARIMEX,standard,300,g,,3.99,,regular,https://cenudepo.lv/product/valrieksti-arimex-tiriti-300g,13.3
walnuts,own,2026-10-06,Maxima,06.10.2026,VALRIEKSTI ARIMEX 500G,ARIMEX,standard,500,g,,5.99,,regular,https://cenudepo.lv/product/valrieksti-arimex-500g,11.98
walnuts,own,2026-10-06,Promo,06.10.2026,VALRIEKSTI ARIMEX 500G,ARIMEX,standard,500,g,,7.79,,regular,https://cenudepo.lv/product/valrieksti-arimex-500g,15.58
walnuts,own,2026-10-06,Top!,22.09.2026,VALRIEKSTI LOBĪTI ALIS CO 200G,ALIS CO,standard,200,g,,2.43,,regular,https://cenudepo.lv/product/valrieksti-lobiti-alis-co-200g,12.15
walnuts,own,2026-10-06,Labais,22.09.2026,VALRIEKSTI LOBĪTI ALIS CO 200G,ALIS CO,standard,200,g,,2.99,,regular,https://cenudepo.lv/product/valrieksti-lobiti-alis-co-200g,14.95
walnuts,own,2026-10-06,Promo,06.10.2026,"VALRIEKSTU PUSĪTES 40%, 1KG",,standard,1000,g,,12.29,,regular,https://cenudepo.lv/product/valriekstu-pusites-40-1kg,12.29
walnuts,own,2026-10-06,Maxima,06.10.2026,VALRIEKSTI WELL DONE LOBĪTI 200G,WELL DONE,standard,200,g,,2.49,,regular,https://cenudepo.lv/product/valrieksti-well-done-lobiti-200g,12.45
walnuts,own,2026-10-06,Rimi,06.10.2026,VALRIEKSTI RIMI 700G,RIMI,store_brand,700,g,,8.79,,regular,https://cenudepo.lv/product/valrieksti-rimi-700g,12.56
walnuts,own,2026-10-06,Promo,06.10.2026,"VALRIEKSTU PUSĪTES 80%, 1KG",,standard,1000,g,,12.99,,regular,https://cenudepo.lv/product/valriekstu-pusites-80-1kg,12.99
walnuts,own,2026-10-06,Rimi,06.10.2026,VALRIEKSTI RIMI LOBĪTI KG,RIMI,store_brand,1000,g,,13.19,,regular,https://cenudepo.lv/product/valrieksti-rimi-lobiti-kg,13.19
walnuts,own,2026-10-06,Top!,22.09.2026,VALRIEKSTI ALIS 100G,ALIS CO,standard,100,g,,1.39,,regular,https://cenudepo.lv/product/valrieksti-alis-100g,13.9
walnuts,own,2026-10-06,Citro,06.10.2026,VALRIEKSTI ALIS 100G,ALIS CO,standard,100,g,,1.79,,regular,https://cenudepo.lv/product/valrieksti-alis-100g,17.9
walnuts,own,2026-10-06,Promo,06.10.2026,"VALRIEKSTI, PUSĪTES 30%, SMALCINĀTI 70%, 1KG",,standard,1000,g,,15.79,,regular,https://cenudepo.lv/product/valrieksti-pusites-30-smalcinati-70-1kg,15.79
walnuts,own,2026-10-06,Gemoss,06.10.2026,VALRIEKSTI ZELTA RIEKSTS PUSĪTES 100G,,standard,100,g,,1.69,,regular,https://cenudepo.lv/product/valrieksti-zelta-rieksts-pusites-100g,16.9
walnuts,own,2026-10-06,Citro,06.10.2026,VALRIEKSTI ZELTA RIEKSTS PUSĪTES 100G,,standard,100,g,,2.59,,regular,https://cenudepo.lv/product/valrieksti-zelta-rieksts-pusites-100g,25.9
walnuts,own,2026-10-06,Promo,06.10.2026,"VALRIEKSTI ARIMEX, 100G",Arimex,standard,100,g,,1.75,,regular,https://cenudepo.lv/product/valrieksti-arimex-100g,17.5
walnuts,own,2026-10-06,Promo,06.10.2026,"VALRIEKSTI O!NUTS, 150G",O!Nuts,standard,150,g,,2.63,,regular,https://cenudepo.lv/product/valrieksti-o-nuts-150g,17.53
walnuts,own,2026-10-06,Rimi,06.10.2026,LOBĪTI VALRIEKSTI RIMI 150G,,standard,150,g,,4.19,,regular,https://cenudepo.lv/product/lobiti-valrieksti-rimi-150g,27.93
walnuts,own,2026-10-06,Maxima,06.10.2026,LOBĪTI VALRIEKSTI 150G,SEEBERGER,standard,150,g,,8.09,,regular,https://cenudepo.lv/product/lobiti-valrieksti-150g,53.93
walnuts,own,2026-10-06,Rimi,06.10.2026,LOBĪTI VALRIEKSTI 150G,SEEBERGER,standard,150,g,,8.09,,regular,https://cenudepo.lv/product/lobiti-valrieksti-150g,53.93
almonds,own,2026-10-06,Rimi,06.10.2026,MANDELES AWAKE ATTĪRIĪTAS 400G,AWAKE,standard,400,g,,3.9,,regular,https://cenudepo.lv/product/mandeles-awake-attiriitas-400g,9.75
almonds,own,2026-10-06,Maxima,06.10.2026,MANDELES EXTRA LINE 500G,,standard,500,g,,4.89,,regular,https://cenudepo.lv/product/mandeles-extra-line-500g,9.78
almonds,own,2026-10-06,Maxima,06.10.2026,MANDELES EXTRA LINE 150G,EXTRA LINE,standard,150,g,,1.89,,regular,https://cenudepo.lv/product/mandeles-extra-line-150g,12.6
almonds,own,2026-10-06,Citro,06.10.2026,"MANDELES ARIMEX, 100G",,standard,100,g,,1.29,1.59,discount_all,https://cenudepo.lv/product/mandeles-arimex-100g,12.9
almonds,own,2026-10-06,Promo,06.10.2026,"MANDELES ARIMEX, 100G",,standard,100,g,,1.85,,regular,https://cenudepo.lv/product/mandeles-arimex-100g,18.5
almonds,own,2026-10-06,Maxima,06.10.2026,MANDELES WELL DONE 500G,WELL DONE,standard,500,g,,6.49,,regular,https://cenudepo.lv/product/mandeles-well-done-500g,12.98
almonds,own,2026-10-06,Promo,06.10.2026,"MANDELES, 1KG",,standard,1000,g,,12.99,,regular,https://cenudepo.lv/product/mandeles-1kg,12.99
almonds,own,2026-10-06,Maxima,06.10.2026,MANDELES ARIMEX 500G,ARIMEX,standard,500,g,,6.99,,regular,https://cenudepo.lv/product/mandeles-arimex-500g,13.98
almonds,own,2026-10-06,Maxima,06.10.2026,MANDELES WELL DONE 200G,WELL DONE,standard,200,g,,2.89,,regular,https://cenudepo.lv/product/mandeles-well-done-200g,14.45
almonds,own,2026-10-06,Rimi,06.10.2026,MANDELES AWAKE 150G,AWAKE,standard,150,g,,2.19,,regular,https://cenudepo.lv/product/mandeles-awake-150g,14.6
almonds,own,2026-10-06,Top!,22.09.2026,MANDELES ALIS CO 120G,ALIS CO,standard,120,g,,1.79,,regular,https://cenudepo.lv/product/mandeles-alis-co-120g,14.92
almonds,own,2026-10-06,Top!,22.09.2026,MANDELES ALIS CO 200G,ALIS CO,standard,200,g,,2.99,,regular,https://cenudepo.lv/product/mandeles-alis-co-200g,14.95
almonds,own,2026-10-06,Promo,06.10.2026,MANDELES 500G,ARIMEX,standard,500,g,,8.99,,regular,https://cenudepo.lv/product/mandeles-500g,17.98
almonds,own,2026-10-06,Maxima,06.10.2026,MANDELES THE BEST OF ARIMEX 250G,ARIMEX,standard,250,g,,4.99,,regular,https://cenudepo.lv/product/mandeles-the-best-of-arimex-250g,19.96
almonds,own,2026-10-06,Citro,06.10.2026,MANDELES ARIMEX 300G,ARIMEX,standard,300,g,,5.99,,regular,https://cenudepo.lv/product/mandeles-arimex-300g,19.97
almonds,own,2026-10-06,Rimi,06.10.2026,MANDELES ARIMEX 300G,ARIMEX,standard,300,g,,7.39,,regular,https://cenudepo.lv/product/mandeles-arimex-300g,24.63
almonds,own,2026-10-06,Rimi,06.10.2026,MANDELES RIMI 700G,RIMI,store_brand,700,g,,14.09,,regular,https://cenudepo.lv/product/mandeles-rimi-700g,20.13
almonds,own,2026-10-06,Rimi,06.10.2026,MANDELES RIMI ATTĪRĪTAS 150G,RIMI,store_brand,150,g,,4.29,,regular,https://cenudepo.lv/product/mandeles-rimi-attiritas-150g,28.6
almonds,own,2026-10-06,Rimi,06.10.2026,MANDEĻU SKAIDIŅAS RIMI 100G,RIMI,store_brand,100,g,,3.29,,regular,https://cenudepo.lv/product/mandelu-skaidinas-rimi-100g,32.9
almonds,own,2026-10-06,Maxima,06.10.2026,MANDELES SEEBERGER 200G,SEEBERGER,standard,200,g,,6.99,,regular,https://cenudepo.lv/product/mandeles-seeberger-200g,34.95
hazelnuts,own,2026-10-06,Gemoss,06.10.2026,LAZDU RIEKSTI NELOBĪTI 300G,ZELTA RIEKSTS,standard,300,g,,2.61,,regular,https://cenudepo.lv/product/lazdu-rieksti-nelobiti-300g,8.7
hazelnuts,own,2026-10-06,Gemoss,06.10.2026,LAZDU RIEKSTI EXTRA 500G,ZELTA RIEKSTS,standard,500,g,,7.73,,regular,https://cenudepo.lv/product/lazdu-rieksti-extra-500g,15.46
hazelnuts,own,2026-10-06,Promo,06.10.2026,"LAZDU RIEKSTI O!NUTS, 150G",O!Nuts,standard,150,g,,2.38,,regular,https://cenudepo.lv/product/lazdu-rieksti-o-nuts-150g,15.87
hazelnuts,own,2026-10-06,Maxima,,LAZDU RIEKSTI ARIMEX 500G,ARIMEX,standard,500,g,,8.99,13.99,discount_all,https://cenudepo.lv/product/lazdu-rieksti-arimex-500g,17.98
hazelnuts,own,2026-10-06,Promo,06.10.2026,LAZDU RIEKSTI ARIMEX 500G,ARIMEX,standard,500,g,,14.89,,regular,https://cenudepo.lv/product/lazdu-rieksti-arimex-500g,29.78
hazelnuts,own,2026-10-06,Gemoss,,LAZDU RIEKSTI GRAUZDĒTI SMALCINĀTI 2-4MM 500G,ZELTA RIEKSTS,standard,500,g,,9.75,10.01,discount_all,https://cenudepo.lv/product/lazdu-rieksti-grauzdeti-smalcinati-2-4mm-500g,19.5
hazelnuts,own,2026-10-06,Maxima,06.10.2026,LAZDU RIEKSTI EXTRA LINE 150G,,standard,150,g,,2.95,,regular,https://cenudepo.lv/product/lazdu-rieksti-extra-line-150g,19.67
hazelnuts,own,2026-10-06,Maxima,06.10.2026,LAZDU RIEKSTI ARIMEX 300G,ARIMEX,standard,300,g,,6.99,,regular,https://cenudepo.lv/product/lazdu-rieksti-arimex-300g,23.3
hazelnuts,own,2026-10-06,Rimi,06.10.2026,LAZDU RIEKSTI ARIMEX 300G,ARIMEX,standard,300,g,,8.99,,regular,https://cenudepo.lv/product/lazdu-rieksti-arimex-300g,29.97
hazelnuts,own,2026-10-06,Citro,06.10.2026,RIEKSTI LAZDU LOBĪTI ALIS CO 120G,ALIS CO,standard,120,g,,2.99,3.59,discount_all,https://cenudepo.lv/product/rieksti-lazdu-lobiti-alis-co-120g,24.92
hazelnuts,own,2026-10-06,Top!,14.09.2026,RIEKSTI LAZDU LOBĪTI ALIS CO 120G,ALIS CO,standard,120,g,,2.99,,regular,https://cenudepo.lv/product/rieksti-lazdu-lobiti-alis-co-120g,24.92
hazelnuts,own,2026-10-06,Promo,06.10.2026,"LAZDU RIEKSTI 13/15, 1KG",,standard,1000,g,,25.79,,regular,https://cenudepo.lv/product/lazdu-rieksti-13-15-1kg,25.79
hazelnuts,own,2026-10-06,Rimi,06.10.2026,LAZDU RIEKSTI RIMI LOBĪTI KG,RIMI,store_brand,1000,g,,25.99,,regular,https://cenudepo.lv/product/lazdu-rieksti-rimi-lobiti-kg,25.99
hazelnuts,own,2026-10-06,Gemoss,06.10.2026,LAZDU RIEKSTI 80G,ZELTA RIEKSTS,standard,80,g,,2.11,,regular,https://cenudepo.lv/product/lazdu-rieksti-80g,26.38
hazelnuts,own,2026-10-06,Promo,06.10.2026,"LAZDU RIEKSTI ARIMEX, 100G",Arimex,standard,100,g,,2.64,,regular,https://cenudepo.lv/product/lazdu-rieksti-arimex-100g,26.4
hazelnuts,own,2026-10-06,Maxima,06.10.2026,LAZDU RIEKSTI WELL DONE 200G,WELL DONE,standard,200,g,,5.49,,regular,https://cenudepo.lv/product/lazdu-rieksti-well-done-200g,27.45
hazelnuts,own,2026-10-06,Gemoss,06.10.2026,LAZDU RIEKSTI BLANŠĒTI GRAUZDĒTI 80G,ZELTA RIEKSTS,standard,80,g,,2.57,,regular,https://cenudepo.lv/product/lazdu-rieksti-blanseti-grauzdeti-80g,32.12
hazelnuts,own,2026-10-06,Promo,06.10.2026,"LAZDU RIEKSTI BLANŠĒTI 13/15, 1KG",,standard,1000,g,,32.89,,regular,https://cenudepo.lv/product/lazdu-rieksti-blanseti-13-15-1kg,32.89
hazelnuts,own,2026-10-06,Rimi,06.10.2026,LAZDU RIEKSTI AWAKE 150G,AWAKE,standard,150,g,,5.19,,regular,https://cenudepo.lv/product/lazdu-rieksti-awake-150g,34.6
whey_protein,own,2026-10-06,Citro,23.09.2026,TĪRS SŪKALU PROTEĪNS AR VANIĻAS GARŠU ICONFIT 1000G,ICONFIT,standard,1000,g,,27.99,30.99,discount_all,https://cenudepo.lv/product/tirs-sukalu-proteins-ar-vanilas-garsu-iconfit-1000g,27.99
whey_protein,own,2026-10-06,Drogas,,TĪRS SŪKALU PROTEĪNS AR VANIĻAS GARŠU ICONFIT 1000G,ICONFIT,standard,1000,g,,31.45,36.99,discount_all,https://cenudepo.lv/product/tirs-sukalu-proteins-ar-vanilas-garsu-iconfit-1000g,31.45
whey_protein,own,2026-10-06,Rimi,06.10.2026,TĪRS SŪKALU PROTEĪNS AR VANIĻAS GARŠU ICONFIT 1000G,ICONFIT,standard,1000,g,,32.99,,regular,https://cenudepo.lv/product/tirs-sukalu-proteins-ar-vanilas-garsu-iconfit-1000g,32.99
whey_protein,own,2026-10-06,Citro,06.10.2026,SŪKALU PROTEĪNS ICONFIT ŠOKOLĀDES 1KG,ICONFIT,standard,1000,g,,27.99,30.99,discount_all,https://cenudepo.lv/product/sukalu-proteins-iconfit-sokolades-1kg,27.99
whey_protein,own,2026-10-06,Maxima,01.10.2026,SŪKALU PROTEĪNS ICONFIT ŠOKOLĀDES 1KG,ICONFIT,standard,1000,g,,29.39,,regular,https://cenudepo.lv/product/sukalu-proteins-iconfit-sokolades-1kg,29.39
whey_protein,own,2026-10-06,Drogas,,SŪKALU PROTEĪNS ICONFIT ŠOKOLĀDES 1KG,ICONFIT,standard,1000,g,,31.45,36.99,discount_all,https://cenudepo.lv/product/sukalu-proteins-iconfit-sokolades-1kg,31.45
whey_protein,own,2026-10-06,Rimi,06.10.2026,SŪKALU PROTEĪNS ICONFIT ŠOKOLĀDES 1KG,ICONFIT,standard,1000,g,,32.99,,regular,https://cenudepo.lv/product/sukalu-proteins-iconfit-sokolades-1kg,32.99
whey_protein,own,2026-10-06,Citro,06.10.2026,PROTEĪNS SŪKALU  80 ZEMEŅU ICONFIT 1KG,,standard,1000,g,,27.99,30.99,discount_all,https://cenudepo.lv/product/proteins-sukalu-80-zemenu-iconfit-1kg,27.99
whey_protein,own,2026-10-06,Maxima,06.10.2026,SŪKALU PROTEĪNS AR MEŽA ZEMEŅU GARŠU UN SALDINĀTĀJIEM ICONFIT 1KG,ICONFIT,standard,1000,g,,29.99,,regular,https://cenudepo.lv/product/sukalu-proteins-ar-meza-zemenu-garsu-un-saldinatajiem-iconfit-1kg,29.99
whey_protein,own,2026-10-06,Maxima,06.10.2026,SŪKALU PROTEĪNS ZEMESRIEKSTI ICONFIT 1KG,ICONFIT,standard,1000,g,,29.99,,regular,https://cenudepo.lv/product/sukalu-proteins-zemesrieksti-iconfit-1kg,29.99
whey_protein,own,2026-10-06,Drogas,,"ICONFIT DIĒTISKAIS SŪKALU PROTEĪNS – ZEMEŅU, 1KG",ICONFIT,standard,1000,g,,33.15,38.99,discount_all,https://cenudepo.lv/product/iconfit-dietiskais-sukalu-proteins-zemenu-1kg,33.15
whey_protein,own,2026-10-06,Drogas,,"ICONFIT DIĒTISKAIS SŪKALU PROTEĪNS – VANIĻAS, 1KG",ICONFIT,standard,1000,g,,33.15,38.99,discount_all,https://cenudepo.lv/product/iconfit-dietiskais-sukalu-proteins-vanilas-1kg,33.15
whey_protein,own,2026-10-06,Drogas,,"ICONFIT DIĒTISKAIS SŪKALU PROTEĪNS – ŠOKOLĀDES, 1KG",ICONFIT,standard,1000,g,,33.15,38.99,discount_all,https://cenudepo.lv/product/iconfit-dietiskais-sukalu-proteins-sokolades-1kg,33.15
whey_protein,own,2026-10-06,Maxima,06.10.2026,GOLD SŪKALU PROTEĪNS VANIĻAS VPLAB 500G,VPLAB,standard,500,g,,18.99,,regular,https://cenudepo.lv/product/gold-sukalu-proteins-vanilas-vplab-500g,37.98
whey_protein,own,2026-10-06,Promo,06.10.2026,"SŪKALU PROTEĪNA PULVERIS SCITEC, ZEMEŅU GARŠA, 920G",,standard,920,g,,36.99,,regular,https://cenudepo.lv/product/sukalu-proteina-pulveris-scitec-zemenu-garsa-920g,40.21
whey_protein,own,2026-10-06,Promo,06.10.2026,"SŪKALU PROTEĪNA PULVERIS SCITEC, VANIĻAS UN OGU GARŠA, 920G",,standard,920,g,,36.99,,regular,https://cenudepo.lv/product/sukalu-proteina-pulveris-scitec-vanilas-un-ogu-garsa-920g,40.21
whey_protein,own,2026-10-06,Promo,06.10.2026,"SŪKALU PROTEĪNS BIOTECHUSA, ZEMEŅU GARŠA, 28G",,standard,28,g,,1.99,,regular,https://cenudepo.lv/product/sukalu-proteins-biotechusa-zemenu-garsa-28g,71.07
pea_protein,own,2026-10-06,Maxima,,"VPLAB VEGAN PROTEIN, ŠOKOLĀDES GARŠA, 500G",VPLAB,standard,500,g,,9.49,11.99,discount_all,https://cenudepo.lv/product/vplab-vegan-protein-sokolades-garsa-500g,18.98
pea_protein,own,2026-10-06,Drogas,,"VPLAB VEGAN PROTEIN, ŠOKOLĀDES GARŠA, 500G",VPLAB,standard,500,g,,16.49,21.99,discount_all,https://cenudepo.lv/product/vplab-vegan-protein-sokolades-garsa-500g,32.98
pea_protein,own,2026-10-06,Maxima,,"VPLAB VEGAN PROTEIN, VANIĻAS GARŠA, 500G",VPLAB,standard,500,g,,9.49,11.99,discount_all,https://cenudepo.lv/product/vplab-vegan-protein-vanilas-garsa-500g,18.98
pea_protein,own,2026-10-06,Drogas,,"VPLAB VEGAN PROTEIN, VANIĻAS GARŠA, 500G",VPLAB,standard,500,g,,16.49,21.99,discount_all,https://cenudepo.lv/product/vplab-vegan-protein-vanilas-garsa-500g,32.98
oats_flaked,crosscheck_csp,2026-10-06,Citro,06.10.2026,AUZU PĀRSLAS DOBELE PILNGRAUDU 1KG,DOBELES DZIRNAVNIEKS,standard,1000,g,,1.29,2.09,discount_all,https://cenudepo.lv/product/auzu-parslas-dobele-pilngraudu-1kg,1.29
oats_flaked,crosscheck_csp,2026-10-06,Rimi,06.10.2026,AUZU PĀRSLAS DOBELE PILNGRAUDU 1KG,DOBELES DZIRNAVNIEKS,standard,1000,g,,2.09,,regular,https://cenudepo.lv/product/auzu-parslas-dobele-pilngraudu-1kg,2.09
oats_flaked,crosscheck_csp,2026-10-06,Maxima,06.10.2026,AUZU PĀRSLAS DOBELE PILNGRAUDU 1KG,DOBELES DZIRNAVNIEKS,standard,1000,g,,2.09,,regular,https://cenudepo.lv/product/auzu-parslas-dobele-pilngraudu-1kg,2.09
oats_flaked,crosscheck_csp,2026-10-06,Abrands,28.09.2026,PĀRSLAS AUZU SLĀTAVA 2.5KG,,standard,2500,g,,3.39,,regular,https://cenudepo.lv/product/parslas-auzu-slatava-2-5kg,1.356
oats_flaked,crosscheck_csp,2026-10-06,Citro,06.10.2026,PĀRSLAS AUZU SLĀTAVA 2.5KG,,standard,2500,g,,3.99,,regular,https://cenudepo.lv/product/parslas-auzu-slatava-2-5kg,1.596
oats_flaked,crosscheck_csp,2026-10-06,Mego,,AUZU PĀRSLAS LIMOR 400G,,standard,400,g,,0.59,1.05,discount_all,https://cenudepo.lv/product/auzu-parslas-limor-400g,1.475
oats_flaked,crosscheck_csp,2026-10-06,Rimi,,AUZU PĀRSLAS HERKULESS PILNGRAUDU 1.5KG,HERKULESS,standard,1500,g,,2.39,3.49,discount_all,https://cenudepo.lv/product/auzu-parslas-herkuless-pilngraudu-1-5kg,1.593
oats_flaked,crosscheck_csp,2026-10-06,Maxima,06.10.2026,AUZU PĀRSLAS HERKULESS PILNGRAUDU 1.5KG,HERKULESS,standard,1500,g,,3.39,,regular,https://cenudepo.lv/product/auzu-parslas-herkuless-pilngraudu-1-5kg,2.26
oats_flaked,crosscheck_csp,2026-10-06,Maxima,06.10.2026,AUZU PĀRSLAS EXTRA LINE 400G,,standard,400,g,,0.69,,regular,https://cenudepo.lv/product/auzu-parslas-extra-line-400g,1.725
oats_flaked,crosscheck_csp,2026-10-06,Rimi,06.10.2026,AUZU PĀRSLAS RIMI SMART PILNGRAUDU 400G,RIMI SMART,store_brand,400,g,,0.69,,regular,https://cenudepo.lv/product/auzu-parslas-rimi-smart-pilngraudu-400g,1.725
oats_flaked,crosscheck_csp,2026-10-06,Top!,06.10.2026,AUZU PĀRSLAS DOBELE PILNGRAUDU KART. 500G,Dobeles Dzirnavnieks,standard,500,g,,0.89,,regular,https://cenudepo.lv/product/auzu-parslas-dobele-pilngraudu-kart-500g,1.78
oats_flaked,crosscheck_csp,2026-10-06,Citro,06.10.2026,AUZU PĀRSLAS DOBELE PILNGRAUDU KART. 500G,Dobeles Dzirnavnieks,standard,500,g,,1.29,,regular,https://cenudepo.lv/product/auzu-parslas-dobele-pilngraudu-kart-500g,2.58
oats_flaked,crosscheck_csp,2026-10-06,Rimi,06.10.2026,PĀRSLAS RIMI 4 GRAUDU 500G,RIMI,store_brand,500,g,,0.99,,regular,https://cenudepo.lv/product/parslas-rimi-4-graudu-500g,1.98
oats_flaked,crosscheck_csp,2026-10-06,Maxima,06.10.2026,PILNGRAUDU AUZU PĀRSLAS WELL DONE 500G,WELL DONE,standard,500,g,,0.99,,regular,https://cenudepo.lv/product/pilngraudu-auzu-parslas-well-done-500g,1.98
oats_flaked,crosscheck_csp,2026-10-06,Rimi,06.10.2026,PILNGRAUDU AUZU PĀRSLAS RIMI 1KG,RIMI,store_brand,1000,g,,1.99,,regular,https://cenudepo.lv/product/pilngraudu-auzu-parslas-rimi-1kg,1.99
oats_flaked,crosscheck_csp,2026-10-06,Citro,06.10.2026,"AUZU PĀRSLAS DOBELE, 500G",Dobeles Dzirnavnieks,standard,500,g,,1.05,,regular,https://cenudepo.lv/product/auzu-parslas-dobele-500g,2.1
oats_flaked,crosscheck_csp,2026-10-06,Maxima,06.10.2026,"AUZU PĀRSLAS DOBELE, 500G",Dobeles Dzirnavnieks,standard,500,g,,1.19,,regular,https://cenudepo.lv/product/auzu-parslas-dobele-500g,2.38
oats_flaked,crosscheck_csp,2026-10-06,Rimi,06.10.2026,"AUZU PĀRSLAS DOBELE, 500G",Dobeles Dzirnavnieks,standard,500,g,,1.25,,regular,https://cenudepo.lv/product/auzu-parslas-dobele-500g,2.5
oats_flaked,crosscheck_csp,2026-10-06,Promo,06.10.2026,"AUZU PĀRSLAS DOBELE, 500G",Dobeles Dzirnavnieks,standard,500,g,,1.25,,regular,https://cenudepo.lv/product/auzu-parslas-dobele-500g,2.5
oats_flaked,crosscheck_csp,2026-10-06,Promo,06.10.2026,"MIEŽU PĀRSLAS DOBELE, 500G",DOBELES DZIRNAVNIEKS,standard,500,g,,1.19,,regular,https://cenudepo.lv/product/miezu-parslas-dobele-500g,2.38
oats_flaked,crosscheck_csp,2026-10-06,Rimi,06.10.2026,PILNGRAUDU AUZU PĀRSLAS DOBELE KARTONA KASTĪTĒ 500G,DOBELES DZIRNAVNIEKS,standard,500,g,,1.25,,regular,https://cenudepo.lv/product/pilngraudu-auzu-parslas-dobele-kartona-kastite-500g,2.5
oats_flaked,crosscheck_csp,2026-10-06,Maxima,06.10.2026,PILNGRAUDU AUZU PĀRSLAS DOBELE KARTONA KASTĪTĒ 500G,DOBELES DZIRNAVNIEKS,standard,500,g,,1.35,,regular,https://cenudepo.lv/product/pilngraudu-auzu-parslas-dobele-kartona-kastite-500g,2.7
oats_flaked,crosscheck_csp,2026-10-06,Rimi,06.10.2026,PILNGRAUDU AUZU PĀRSLAS RIMI 500G,RIMI,store_brand,500,g,,1.25,,regular,https://cenudepo.lv/product/pilngraudu-auzu-parslas-rimi-500g,2.5
oats_flaked,crosscheck_csp,2026-10-06,Rimi,06.10.2026,PĀRSLAS HERKULESS 4 GRAUDU 500G,HERKULESS,standard,500,g,,1.69,,regular,https://cenudepo.lv/product/parslas-herkuless-4-graudu-500g,3.38
oats_flaked,crosscheck_csp,2026-10-06,Promo,06.10.2026,4 GRAUDU PĀRSLAS HERKULESS 500G,HERKULESS,standard,500,g,,1.69,,regular,https://cenudepo.lv/product/4-graudu-parslas-herkuless-500g-94599,3.38
oats_flaked,crosscheck_csp,2026-10-06,Maxima,06.10.2026,4 GRAUDU PĀRSLAS HERKULESS 500G,HERKULESS,standard,500,g,,1.69,,regular,https://cenudepo.lv/product/4-graudu-parslas-herkuless-500g-94599,3.38
oats_flaked,crosscheck_csp,2026-10-06,Rimi,06.10.2026,PILNGRAUDU AUZU PĀRSLAS RIMI BEZ GLUTĒNA 500G,RIMI,store_brand,500,g,,2.69,,regular,https://cenudepo.lv/product/pilngraudu-auzu-parslas-rimi-bez-glutena-500g,5.38
oats_flaked,crosscheck_csp,2026-10-06,Promo,22.09.2026,"PILGRAUDU AUZU PĀRSLAS NORDIC ELOVENAJUMBO, BEZ GLUTĒNA, 500G",Citi,standard,500,g,,3.35,,regular,https://cenudepo.lv/product/pilgraudu-auzu-parslas-nordic-elovenajumbo-bez-glutena-500g,6.7
chicken_fillet,crosscheck_csp,2026-10-06,Top!,22.09.2026,VISTAS FILEJA SVAIGA SVER TALLEGG,TALLEGG,standard,1000,g,,5.99,,regular,https://cenudepo.lv/product/vistas-fileja-svaiga-sver-tallegg,5.99
chicken_fillet,crosscheck_csp,2026-10-06,Top!,06.10.2026,CĀĻA KRŪTIŅAS MAZĀ FILEJA RM 400G,RĪGAS MIESNIEKS,standard,400,g,,2.49,,regular,https://cenudepo.lv/product/cala-krutinas-maza-fileja-rm-400g,6.225
chicken_fillet,crosscheck_csp,2026-10-06,Velto,06.10.2026,CĀĻA KRŪTIŅAS MAZĀ FILEJA RM 400G,RĪGAS MIESNIEKS,standard,400,g,,2.77,,regular,https://cenudepo.lv/product/cala-krutinas-maza-fileja-rm-400g,6.925
chicken_fillet,crosscheck_csp,2026-10-06,Citro,06.10.2026,CĀĻA KRŪTIŅAS MAZĀ FILEJA RM 400G,RĪGAS MIESNIEKS,standard,400,g,,2.79,3.65,discount_all,https://cenudepo.lv/product/cala-krutinas-maza-fileja-rm-400g,6.975
chicken_fillet,crosscheck_csp,2026-10-06,Rimi,,"CĀĻA KRŪTIŅAS FILEJAS GABALIŅI RIMI, BEZ ĀDAS KG",RIMI,store_brand,1000,g,,6.49,8.29,discount_all,https://cenudepo.lv/product/cala-krutinas-filejas-gabalini-rimi-bez-adas-kg,6.49
chicken_fillet,crosscheck_csp,2026-10-06,Rimi,05.10.2026,CĀĻU KRŪTIŅAS FILEJAS RIMI KG,RIMI,store_brand,1000,g,,6.99,,regular,https://cenudepo.lv/product/calu-krutinas-filejas-rimi-kg,6.99
chicken_fillet,crosscheck_csp,2026-10-06,Maxima,06.10.2026,CĀĻA FILEJA BEZ ANTIBIOTIKĀM KG,ĶEKAVA,standard,1000,g,,6.99,,regular,https://cenudepo.lv/product/cala-fileja-bez-antibiotikam-kg,6.99
chicken_fillet,crosscheck_csp,2026-10-06,Maxima,06.10.2026,CĀĻA KRŪTIŅAS FILEJA WELL DONE 500 G,WELL DONE,standard,500,g,,3.63,,regular,https://cenudepo.lv/product/cala-krutinas-fileja-well-done-500-g,7.26
chicken_fillet,crosscheck_csp,2026-10-06,Rimi,06.10.2026,CĀĻU KRŪTIŅAS FILEJAS RIMI 500G,RIMI,store_brand,500,g,,3.69,,regular,https://cenudepo.lv/product/calu-krutinas-filejas-rimi-500g,7.38
chicken_fillet,crosscheck_csp,2026-10-06,Maxima,,CĀĻA KRŪTIŅAS FILEJAS GABALIŅI  WELL DONE 400G,WELL DONE,standard,400,g,,3.15,3.87,discount_all,https://cenudepo.lv/product/cala-krutinas-filejas-gabalini-well-done-400g,7.875
chicken_fillet,crosscheck_csp,2026-10-06,Maxima,06.10.2026,CĀĻA KRŪTIŅAS MAZĀS FILEJAS WD 400 G,,standard,400,g,,3.19,,regular,https://cenudepo.lv/product/cala-krutinas-mazas-filejas-wd-400-g,7.975
chicken_fillet,crosscheck_csp,2026-10-06,Rimi,06.10.2026,CĀĻU MAZĀS FILEJAS RIMI 400G,RIMI,store_brand,400,g,,3.19,,regular,https://cenudepo.lv/product/calu-mazas-filejas-rimi-400g,7.975
chicken_fillet,crosscheck_csp,2026-10-06,Rimi,10.09.2026,CĀĻU KRŪTIŅAS FILEJA ĶEKAVA A ŠĶIRA KG,ĶEKAVA,standard,1000,g,,8.29,,regular,https://cenudepo.lv/product/calu-krutinas-fileja-kekava-a-skira-kg,8.29
chicken_fillet,crosscheck_csp,2026-10-06,Maxima,06.10.2026,CĀĻA KRŪTIŅAS FILEJA BEZ ANTIBIOTIKĀM WELL DONE 500G,WELL DONE,standard,500,g,,4.15,,regular,https://cenudepo.lv/product/cala-krutinas-fileja-bez-antibiotikam-well-done-500g,8.3
chicken_fillet,crosscheck_csp,2026-10-06,Citro,06.10.2026,CĀĻA FILEJA ĶEKAVA  500G,ĶEKAVA,standard,500,g,,4.29,4.59,discount_all,https://cenudepo.lv/product/cala-fileja-kekava-500g,8.58
chicken_fillet,crosscheck_csp,2026-10-06,Maxima,24.09.2026,CĀĻA FILEJA ĶEKAVA  500G,ĶEKAVA,standard,500,g,,4.61,,regular,https://cenudepo.lv/product/cala-fileja-kekava-500g,9.22
chicken_fillet,crosscheck_csp,2026-10-06,Maxima,06.10.2026,CĀĻA KRŪTIŅAS MAZĀS FILEJAS BEZ ANTIBIOTIKĀM WELL DONE 400G,WELL DONE,standard,400,g,,3.5,,regular,https://cenudepo.lv/product/cala-krutinas-mazas-filejas-bez-antibiotikam-well-done-400g,8.75
chicken_fillet,crosscheck_csp,2026-10-06,Top!,08.09.2026,FILEJAS GABALIŅI BAUSKA CĀĻU KRŪTIŅAS BEZ ĀDAS ATK.APT.600G,BAUSKA,standard,600,g,,6.39,,regular,https://cenudepo.lv/product/filejas-gabalini-bauska-calu-krutinas-bez-adas-atk-apt-600g,10.65
curd,crosscheck_csp,2026-10-06,Top!,06.10.2026,BIEZPIENS BALTAIS KULINĀRIJAS 1KG,BALTAIS,standard,1000,g,,2.99,,regular,https://cenudepo.lv/product/biezpiens-baltais-kulinarijas-1kg,2.99
curd,crosscheck_csp,2026-10-06,Velto,06.10.2026,BIEZPIENS BALTAIS KULINĀRIJAS 1KG,BALTAIS,standard,1000,g,,3.22,,regular,https://cenudepo.lv/product/biezpiens-baltais-kulinarijas-1kg,3.22
curd,crosscheck_csp,2026-10-06,Maxima,,BIEZPIENS BALTAIS KULINĀRIJAS 1KG,BALTAIS,standard,1000,g,,3.29,3.99,discount_all,https://cenudepo.lv/product/biezpiens-baltais-kulinarijas-1kg,3.29
curd,crosscheck_csp,2026-10-06,Rimi,,BIEZPIENS BALTAIS KULINĀRIJAS 1KG,BALTAIS,standard,1000,g,,3.59,3.99,discount_all,https://cenudepo.lv/product/biezpiens-baltais-kulinarijas-1kg,3.59
curd,crosscheck_csp,2026-10-06,Maxima,06.10.2026,BIEZPIENS FARM MILK 0.5% 180G,FARM MILK,standard,180,g,,0.69,,regular,https://cenudepo.lv/product/biezpiens-farm-milk-0-5-180g,3.833
curd,crosscheck_csp,2026-10-06,Top!,,BIEZPIENS VĀJPIENA FIT! BEZ LAKTOZES 0.5% 400G,TERE,standard,400,g,,1.59,1.99,discount_all,https://cenudepo.lv/product/biezpiens-vajpiena-fit-bez-laktozes-0-5-400g,3.975
curd,crosscheck_csp,2026-10-06,Lats,,BIEZPIENS VĀJPIENA FIT! BEZ LAKTOZES 0.5% 400G,TERE,standard,400,g,,1.69,1.99,discount_all,https://cenudepo.lv/product/biezpiens-vajpiena-fit-bez-laktozes-0-5-400g,4.225
curd,crosscheck_csp,2026-10-06,Maxima,06.10.2026,BIEZPIENS VĀJPIENA FIT! BEZ LAKTOZES 0.5% 400G,TERE,standard,400,g,,1.69,,regular,https://cenudepo.lv/product/biezpiens-vajpiena-fit-bez-laktozes-0-5-400g,4.225
curd,crosscheck_csp,2026-10-06,Maxima,06.10.2026,BIEZPIENS FARM MILK 9% 180G,FARM MILK,standard,180,g,,0.75,,regular,https://cenudepo.lv/product/biezpiens-farm-milk-9-180g,4.167
curd,crosscheck_csp,2026-10-06,Promo,05.10.2026,"BIEZPIENS, 9%, 1KG",CITI,standard,1000,g,,4.79,,regular,https://cenudepo.lv/product/biezpiens-9-1kg,4.79
curd,crosscheck_csp,2026-10-06,Velto,06.10.2026,"PILNPIENA BIEZPIENS JAUNPILS 9%, 1KG",JAUNPILS,standard,1000,g,,4.91,,regular,https://cenudepo.lv/product/pilnpiena-biezpiens-jaunpils-9-1kg,4.91
curd,crosscheck_csp,2026-10-06,Promo,06.10.2026,"PILNPIENA BIEZPIENS JAUNPILS 9%, 1KG",JAUNPILS,standard,1000,g,,5.23,,regular,https://cenudepo.lv/product/pilnpiena-biezpiens-jaunpils-9-1kg,5.23
curd,crosscheck_csp,2026-10-06,Velto,06.10.2026,BIEZPIENS 5% JAUNPILS 600G,JAUNPILS,standard,600,g,,3.09,,regular,https://cenudepo.lv/product/biezpiens-5-jaunpils-600g,5.15
curd,crosscheck_csp,2026-10-06,Top!,,BIEZPIENS LIMBAŽU PIENS VĀJPIENA 0.5% 170G,LIMBAŽU PIENS,standard,170,g,,0.89,1.19,discount_all,https://cenudepo.lv/product/biezpiens-limbazu-piens-vajpiena-0-5-170g,5.235
curd,crosscheck_csp,2026-10-06,Citro,06.10.2026,BIEZPIENS LIMBAŽU PIENS VĀJPIENA 0.5% 170G,LIMBAŽU PIENS,standard,170,g,,1.19,,regular,https://cenudepo.lv/product/biezpiens-limbazu-piens-vajpiena-0-5-170g,7
curd,crosscheck_csp,2026-10-06,Promo,06.10.2026,BIEZPIENS LIMBAŽU PIENS VĀJPIENA 0.5% 170G,LIMBAŽU PIENS,standard,170,g,,1.35,,regular,https://cenudepo.lv/product/biezpiens-limbazu-piens-vajpiena-0-5-170g,7.941
curd,crosscheck_csp,2026-10-06,Mego,,BIEZPIENS 9% BALTAIS 180G,BALTAIS,standard,180,g,,0.99,1.29,discount_all,https://cenudepo.lv/product/biezpiens-9-baltais-180g,5.5
curd,crosscheck_csp,2026-10-06,Maxima,21.09.2026,BIEZPIENS 9% BALTAIS 180G,BALTAIS,standard,180,g,,1.29,,regular,https://cenudepo.lv/product/biezpiens-9-baltais-180g,7.167
curd,crosscheck_csp,2026-10-06,Citro,06.10.2026,BIEZPIENS 9% BALTAIS 180G,BALTAIS,standard,180,g,,1.35,,regular,https://cenudepo.lv/product/biezpiens-9-baltais-180g,7.5
curd,crosscheck_csp,2026-10-06,Velto,06.10.2026,VĀJPIENA BIEZPIENS JAUNPILS BEZ LAKTOZES 0.5% 275G,JAUNPILS,standard,275,g,,1.54,,regular,https://cenudepo.lv/product/vajpiena-biezpiens-jaunpils-bez-laktozes-0-5-275g,5.6
curd,crosscheck_csp,2026-10-06,Maxima,,VĀJPIENA BIEZPIENS JAUNPILS BEZ LAKTOZES 0.5% 275G,JAUNPILS,standard,275,g,,1.99,2.95,discount_all,https://cenudepo.lv/product/vajpiena-biezpiens-jaunpils-bez-laktozes-0-5-275g,7.236
curd,crosscheck_csp,2026-10-06,Rimi,,VĀJPIENA BIEZPIENS JAUNPILS BEZ LAKTOZES 0.5% 275G,JAUNPILS,standard,275,g,,2.29,2.95,discount_all,https://cenudepo.lv/product/vajpiena-biezpiens-jaunpils-bez-laktozes-0-5-275g,8.327
curd,crosscheck_csp,2026-10-06,Promo,06.10.2026,VĀJPIENA BIEZPIENS JAUNPILS BEZ LAKTOZES 0.5% 275G,JAUNPILS,standard,275,g,,2.95,,regular,https://cenudepo.lv/product/vajpiena-biezpiens-jaunpils-bez-laktozes-0-5-275g,10.73
curd,crosscheck_csp,2026-10-06,Maxima,06.10.2026,BIEZPIENS LATGALE 0.5% 400G,LATGALE,standard,400,g,,2.49,,regular,https://cenudepo.lv/product/biezpiens-latgale-0-5-400g,6.225
curd,crosscheck_csp,2026-10-06,Top!,,BIEZPIENS LATGALE 0.5% 400G,LATGALE,standard,400,g,,2.49,2.79,discount_all,https://cenudepo.lv/product/biezpiens-latgale-0-5-400g,6.225
curd,crosscheck_csp,2026-10-06,Citro,06.10.2026,"BIEZPIENS TALSU 9%, 200 G",,standard,200,g,,1.29,,regular,https://cenudepo.lv/product/biezpiens-talsu-9-200-g,6.45
curd,crosscheck_csp,2026-10-06,Maxima,,BIEZPIENS VALMIERA 9% 180G,VALMIERA,standard,180,g,,1.19,1.59,discount_all,https://cenudepo.lv/product/biezpiens-valmiera-9-180g,6.611
curd,crosscheck_csp,2026-10-06,Rimi,06.10.2026,BIEZPIENS VALMIERA 9% 180G,VALMIERA,standard,180,g,,1.59,,regular,https://cenudepo.lv/product/biezpiens-valmiera-9-180g,8.833
curd,crosscheck_csp,2026-10-06,Maxima,06.10.2026,BIEZPIENA KRĒMS PROTEIN BALTAIS AVEŅU 300G,BALTAIS,standard,300,g,,1.99,,regular,https://cenudepo.lv/product/biezpiena-krems-protein-baltais-avenu-300g,6.633
curd,crosscheck_csp,2026-10-06,Maxima,06.10.2026,BIEZPIENS LATGALES 9% 400G,LATGALES PIENS,standard,400,g,,2.69,,regular,https://cenudepo.lv/product/biezpiens-latgales-9-400g,6.725
curd,crosscheck_csp,2026-10-06,Rimi,06.10.2026,BIEZPIENS VĀJPIENA 0.5% VALMIERA 180G,VALMIERA,standard,180,g,,1.49,,regular,https://cenudepo.lv/product/biezpiens-vajpiena-0-5-valmiera-180g,8.278
curd,crosscheck_csp,2026-10-06,Maxima,06.10.2026,BIEZPIENS STRAUPE 9% 400G,STRAUPE,standard,400,g,,3.65,,regular,https://cenudepo.lv/product/biezpiens-straupe-9-400g,9.125
pasta_wheat,crosscheck_csp,2026-10-06,Citro,06.10.2026,MAKARONI TRUBIŅAS 1KG,,standard,1000,g,,1.15,,regular,https://cenudepo.lv/product/makaroni-trubinas-1kg,1.15
pasta_wheat,crosscheck_csp,2026-10-06,Maxima,,MAKARONI CORNETTI RIGATI NR.150 500G,DOBELES DZIRNAVNIEKS,standard,500,g,,0.69,1.29,discount_all,https://cenudepo.lv/product/makaroni-cornetti-rigati-nr-150-500g,1.38
pasta_wheat,crosscheck_csp,2026-10-06,Top!,08.09.2026,MAKARONI CORNETTI RIGATI NR.150 500G,DOBELES DZIRNAVNIEKS,standard,500,g,,0.75,,regular,https://cenudepo.lv/product/makaroni-cornetti-rigati-nr-150-500g,1.5
pasta_wheat,crosscheck_csp,2026-10-06,Promo,06.10.2026,MAKARONI CORNETTI RIGATI NR.150 500G,DOBELES DZIRNAVNIEKS,standard,500,g,,1.24,,regular,https://cenudepo.lv/product/makaroni-cornetti-rigati-nr-150-500g,2.48
pasta_wheat,crosscheck_csp,2026-10-06,Rimi,06.10.2026,MAKARONI CORNETTI RIGATI NR.150 500G,DOBELES DZIRNAVNIEKS,standard,500,g,,1.29,,regular,https://cenudepo.lv/product/makaroni-cornetti-rigati-nr-150-500g,2.58
pasta_wheat,crosscheck_csp,2026-10-06,Lidl,07.09.2026,MAKARONI CORNETTI RIGATI NR.150 500G,DOBELES DZIRNAVNIEKS,standard,500,g,,1.29,,regular,https://cenudepo.lv/product/makaroni-cornetti-rigati-nr-150-500g,2.58
pasta_wheat,crosscheck_csp,2026-10-06,Citro,06.10.2026,MAKARONI CORNETTI RIGATI NR.150 500G,DOBELES DZIRNAVNIEKS,standard,500,g,,1.35,,regular,https://cenudepo.lv/product/makaroni-cornetti-rigati-nr-150-500g,2.7
pasta_wheat,crosscheck_csp,2026-10-06,Maxima,06.10.2026,MAKARONI WELL DONE FILLINI PICCOLI 500G,WELL DONE,standard,500,g,,0.89,,regular,https://cenudepo.lv/product/makaroni-well-done-fillini-piccoli-500g,1.78
pasta_wheat,crosscheck_csp,2026-10-06,Promo,06.10.2026,"MAKARONI PASTA RICCO, SPIRALI, 400G",Pasta Ricco,standard,400,g,,0.89,,regular,https://cenudepo.lv/product/makaroni-pasta-ricco-spirali-400g,2.225
pasta_wheat,crosscheck_csp,2026-10-06,Rimi,,MAKARONI ITALPASTA NR.134 FUSILLI 500G,ITALPASTA,standard,500,g,,1.29,1.75,discount_all,https://cenudepo.lv/product/makaroni-italpasta-nr-134-fusilli-500g,2.58
pasta_wheat,crosscheck_csp,2026-10-06,Maxima,06.10.2026,MAKARONI ITALPASTA NR.134 FUSILLI 500G,ITALPASTA,standard,500,g,,1.59,,regular,https://cenudepo.lv/product/makaroni-italpasta-nr-134-fusilli-500g,3.18
pasta_wheat,crosscheck_csp,2026-10-06,Maxima,06.10.2026,MAKARONI ANELLINI DIVELLA 500G,DIVELLA,standard,500,g,,1.29,,regular,https://cenudepo.lv/product/makaroni-anellini-divella-500g,2.58
pasta_wheat,crosscheck_csp,2026-10-06,Maxima,06.10.2026,MAKARONI DIVELLA FUSILLI 3-KRĀSU 500G,DIVELLA,standard,500,g,,1.49,,regular,https://cenudepo.lv/product/makaroni-divella-fusilli-3-krasu-500g,2.98
pasta_wheat,crosscheck_csp,2026-10-06,Maxima,06.10.2026,MAKARONI FETTUCCINE DIVELLA 500G,DIVELLA,standard,500,g,,1.49,,regular,https://cenudepo.lv/product/makaroni-fettuccine-divella-500g,2.98
pasta_wheat,crosscheck_csp,2026-10-06,Top!,06.10.2026,MAKARONI PANZANI FARFALLE 500G,PANZANI,standard,500,g,,1.8,,regular,https://cenudepo.lv/product/makaroni-panzani-farfalle-500g,3.6
pasta_wheat,crosscheck_csp,2026-10-06,Promo,06.10.2026,"MAKARONI LIGUORI, SPIRALES NR. 140, 500G",Liguori,standard,500,g,,2.19,,regular,https://cenudepo.lv/product/makaroni-liguori-spirales-nr-140-500g,4.38
pasta_wheat,crosscheck_csp,2026-10-06,Maxima,06.10.2026,MAKARONI BARILLA FETTUCCINE NR.166 500G,BARILLA,standard,500,g,,2.69,,regular,https://cenudepo.lv/product/makaroni-barilla-fettuccine-nr-166-500g,5.38
pasta_wheat,crosscheck_csp,2026-10-06,Rimi,06.10.2026,MAKARONI BARILLA FETTUCCINE NR.166 500G,BARILLA,standard,500,g,,2.89,,regular,https://cenudepo.lv/product/makaroni-barilla-fettuccine-nr-166-500g,5.78
pasta_wheat,crosscheck_csp,2026-10-06,Maxima,06.10.2026,MAKARONI DI BARI RICCIA CASERECCIA 500G,DI BARI,standard,500,g,,3.59,,regular,https://cenudepo.lv/product/makaroni-di-bari-riccia-casereccia-500g,7.18
pasta_wheat,crosscheck_csp,2026-10-06,Promo,06.10.2026,"MAKARONI NONNO MARIO TAGLIOLINI, TRĪSKRĀSU, 500G",NONNO MARIO,standard,500,g,,4.95,,regular,https://cenudepo.lv/product/makaroni-nonno-mario-tagliolini-triskrasu-500g,9.9
pasta_wheat,crosscheck_csp,2026-10-06,Maxima,06.10.2026,BAMBUSA ŠĶIEDRAS MAKARONI PASTA NATURA PN 250G,PASTA NATURA,standard,250,g,,2.99,,regular,https://cenudepo.lv/product/bambusa-skiedras-makaroni-pasta-natura-pn-250g,11.96
pasta_wheat,crosscheck_csp,2026-10-06,Rimi,06.10.2026,PASTA PRESTO SPAGHETTI NR.7 400G,PRESTO,standard,400,g,,0.79,,regular,https://cenudepo.lv/product/pasta-presto-spaghetti-nr-7-400g,1.975
pasta_wheat,crosscheck_csp,2026-10-06,Maxima,06.10.2026,PILNGR.MAK.LA MOLISANA SPAGHETTI 500G,,standard,500,g,,1.49,,regular,https://cenudepo.lv/product/pilngr-mak-la-molisana-spaghetti-500g,2.98
pasta_wheat,crosscheck_csp,2026-10-06,Maxima,05.10.2026,PASTA DE CECCO SPAGHETTI NR.12 500G,DE CECCO,standard,500,g,,2.19,,regular,https://cenudepo.lv/product/pasta-de-cecco-spaghetti-nr-12-500g,4.38
pasta_wheat,crosscheck_csp,2026-10-06,Rimi,06.10.2026,PASTA BARILLA SPAGHETTI BEZ LIPEKĻA 400G,BARILLA,standard,400,g,,4.99,,regular,https://cenudepo.lv/product/pasta-barilla-spaghetti-bez-lipekla-400g,12.47
rice_white,crosscheck_csp,2026-10-06,Rimi,06.10.2026,RĪSI RIMI SMART GARGRAUDU 800G,RIMI SMART,store_brand,800,g,,1.19,,regular,https://cenudepo.lv/product/risi-rimi-smart-gargraudu-800g,1.487
rice_white,crosscheck_csp,2026-10-06,Maxima,28.09.2026,RISI EXTRA LINE TVAICĒTI 800G,EXTRA LINE,standard,800,g,,1.29,,regular,https://cenudepo.lv/product/risi-extra-line-tvaiceti-800g,1.613
rice_white,crosscheck_csp,2026-10-06,Rimi,06.10.2026,RĪSI RIMI SMART GARGRAUDU 4X100G,RIMI SMART,store_brand,400,g,,0.66,,regular,https://cenudepo.lv/product/risi-rimi-smart-gargraudu-4x100g,1.65
rice_white,crosscheck_csp,2026-10-06,Maxima,06.10.2026,TVAICĒTI RĪSI WELL DONE 800G,WELL DONE,standard,800,g,,1.69,,regular,https://cenudepo.lv/product/tvaiceti-risi-well-done-800g,2.112
rice_white,crosscheck_csp,2026-10-06,Promo,06.10.2026,"RĪSI GARGRAUDU DOBELE, 1KG",Dobele,standard,1000,g,,2.22,,regular,https://cenudepo.lv/product/risi-gargraudu-dobele-1kg,2.22
rice_white,crosscheck_csp,2026-10-06,Maxima,06.10.2026,RĪSI VALDO KLASISKIE 1KG,VALDO,standard,1000,g,,2.29,,regular,https://cenudepo.lv/product/risi-valdo-klasiskie-1kg,2.29
rice_white,crosscheck_csp,2026-10-06,Rimi,06.10.2026,RĪSI VALDO KLASISKIE 1KG,VALDO,standard,1000,g,,2.39,,regular,https://cenudepo.lv/product/risi-valdo-klasiskie-1kg,2.39
rice_white,crosscheck_csp,2026-10-06,Citro,06.10.2026,RĪSI VALDO KLASISKIE 1KG,VALDO,standard,1000,g,,2.39,,regular,https://cenudepo.lv/product/risi-valdo-klasiskie-1kg,2.39
rice_white,crosscheck_csp,2026-10-06,Rimi,,RĪSI VALDO EKSTRA 8X125G,VALDO,standard,1000,g,,2.39,3.89,discount_all,https://cenudepo.lv/product/risi-valdo-ekstra-8x125g,2.39
rice_white,crosscheck_csp,2026-10-06,Maxima,06.10.2026,RĪSI VALDO EKSTRA 8X125G,VALDO,standard,1000,g,,3.59,,regular,https://cenudepo.lv/product/risi-valdo-ekstra-8x125g,3.59
rice_white,crosscheck_csp,2026-10-06,Citro,06.10.2026,RĪSI VALDO EKSTRA 8X125G,VALDO,standard,1000,g,,3.89,,regular,https://cenudepo.lv/product/risi-valdo-ekstra-8x125g,3.89
rice_white,crosscheck_csp,2026-10-06,Maxima,06.10.2026,TVAICĒTI RIĪSI WELL DONE 4X100G,,standard,400,g,,0.99,,regular,https://cenudepo.lv/product/tvaiceti-riisi-well-done-4x100g,2.475
rice_white,crosscheck_csp,2026-10-06,Rimi,06.10.2026,GARGRAUDU RĪSI RIMI 8X100G,RIMI,store_brand,800,g,,1.99,,regular,https://cenudepo.lv/product/gargraudu-risi-rimi-8x100g,2.488
rice_white,crosscheck_csp,2026-10-06,Maxima,06.10.2026,RĪSI VALDO KLASISKIE 500G,VALDO,standard,500,g,,1.29,,regular,https://cenudepo.lv/product/risi-valdo-klasiskie-500g,2.58
rice_white,crosscheck_csp,2026-10-06,Maxima,06.10.2026,RĪSI DOBELE GARGRAUDU 8X125G,DOBELES DZIRNAVNIEKS,standard,1000,g,,2.89,,regular,https://cenudepo.lv/product/risi-dobele-gargraudu-8x125g,2.89
rice_white,crosscheck_csp,2026-10-06,Citro,06.10.2026,RĪSI DOBELE GARGRAUDU 8X125G,DOBELES DZIRNAVNIEKS,standard,1000,g,,2.99,,regular,https://cenudepo.lv/product/risi-dobele-gargraudu-8x125g,2.99
rice_white,crosscheck_csp,2026-10-06,Promo,06.10.2026,RĪSI DOBELE GARGRAUDU 8X125G,DOBELES DZIRNAVNIEKS,standard,1000,g,,3.32,,regular,https://cenudepo.lv/product/risi-dobele-gargraudu-8x125g,3.32
rice_white,crosscheck_csp,2026-10-06,Rimi,06.10.2026,RĪSI DOBELE GARGRAUDU 8X125G,DOBELES DZIRNAVNIEKS,standard,1000,g,,3.49,,regular,https://cenudepo.lv/product/risi-dobele-gargraudu-8x125g,3.49
rice_white,crosscheck_csp,2026-10-06,Top!,06.10.2026,RĪSI JASMINE VALDO 0.5KG 4X125G,VALDO,standard,500,g,,1.49,,regular,https://cenudepo.lv/product/risi-jasmine-valdo-0-5kg-4x125g,2.98
rice_white,crosscheck_csp,2026-10-06,Elvi,,RĪSI JASMINE VALDO 0.5KG 4X125G,VALDO,standard,500,g,,1.59,2.19,discount_all,https://cenudepo.lv/product/risi-jasmine-valdo-0-5kg-4x125g,3.18
rice_white,crosscheck_csp,2026-10-06,Maxima,06.10.2026,RĪSI JASMINE VALDO 0.5KG 4X125G,VALDO,standard,500,g,,1.89,,regular,https://cenudepo.lv/product/risi-jasmine-valdo-0-5kg-4x125g,3.78
rice_white,crosscheck_csp,2026-10-06,Rimi,06.10.2026,RĪSI JASMINE VALDO 0.5KG 4X125G,VALDO,standard,500,g,,2.09,,regular,https://cenudepo.lv/product/risi-jasmine-valdo-0-5kg-4x125g,4.18
rice_white,crosscheck_csp,2026-10-06,Maxima,06.10.2026,RĪSI VALDO EKSTRA 1KG,VALDO,standard,1000,g,,3.19,,regular,https://cenudepo.lv/product/risi-valdo-ekstra-1kg,3.19
rice_white,crosscheck_csp,2026-10-06,Maxima,28.09.2026,RĪSI BOSTO GARGRAUDU 4X125G,BOSTO,standard,500,g,,1.79,,regular,https://cenudepo.lv/product/risi-bosto-gargraudu-4x125g,3.58
rice_white,crosscheck_csp,2026-10-06,Promo,06.10.2026,"RĪSI APALIE SCOTTI, 1KG",,standard,1000,g,,3.95,,regular,https://cenudepo.lv/product/risi-apalie-scotti-1kg,3.95
rice_white,crosscheck_csp,2026-10-06,Maxima,06.10.2026,RĪSI MUGHAL ROYAL DIAMOND TVAICĒTI GARGRAUDU 1KG,MUGHAL,standard,1000,g,,4.99,,regular,https://cenudepo.lv/product/risi-mughal-royal-diamond-tvaiceti-gargraudu-1kg,4.99
rice_white,crosscheck_csp,2026-10-06,Promo,12.09.2026,"TRĪS GRAUDU RĪSI BUON GUSTO,350G",Buon Gusto,standard,350,g,,2.19,,regular,https://cenudepo.lv/product/tris-graudu-risi-buon-gusto-350g,6.257
rice_white,crosscheck_csp,2026-10-06,Maxima,06.10.2026,POKE BĻODAS RĪSI BOSTO 500G,BOSTO,standard,500,g,,3.49,,regular,https://cenudepo.lv/product/poke-blodas-risi-bosto-500g,6.98
crispbread,own,2026-10-06,Maxima,06.10.2026,RUDZU SĒKLU MAIZES ŠĶĒLES HM 450G,HANZAS MAIZNĪCA,standard,450,g,,1.28,,regular,https://cenudepo.lv/product/rudzu-seklu-maizes-skeles-hm-450g,2.844
crispbread,own,2026-10-06,Maxima,06.10.2026,RUDZU MAIZĪTES WELL DONE 220G,WELL DONE,standard,220,g,,1.19,,regular,https://cenudepo.lv/product/rudzu-maizites-well-done-220g,5.409
