food_id,comp_db,comp_id,grade,description,kcal,protein,fat,carb,sugars,free_sugars,fibre,water,sodium_mg,TRP,THR,ILE,LEU,LYS,MET,CYS,PHE,TYR,VAL,HIS,sat_fat,calcium_mg,iron_mg,zinc_mg,magnesium_mg,potassium_mg,phosphorus_mg,selenium_ug,copper_mg,iodine_ug,vitamin_a_ug_re,retinol_ug,vitamin_d_ug,vitamin_e_mg,vitamin_k_ug,thiamin_mg,riboflavin_mg,niacin_mg_ne,vitamin_b6_mg,folate_ug,vitamin_b12_ug,vitamin_c_mg,mercury_ug,cadmium_ug,ala_g,epa_g,dha_g,fibre_sol_g,fibre_insol_g,starch_g,mufa_g,pufa_g,trans_g,n6_g,n3_g,yield_pair,yield_eaten_per_purchased,edible_portion,atwater_kcal,flags
rice_white,frida,1252,A,"Rice, polished, raw",354.2,8.401,1.2,77.1,0,0,0.7,12,1.8,0.1186,0.2824,0.3671,0.6495,0.3106,0.1977,0.09884,0.4518,0.24,0.5507,0.1836,0.2746,52.7,1.2,1.7,35,150,130,6,0.2,2.2,0,0,0,0.05,0,0.07,0.035,1.977,0.109,31,0,0,0.66,3.4,0.01102,0,0,,,78.1,0.2926,0.4168,0,0.4058,0.01102,"Rice, white, long-grain, regular, raw, u → Rice, white, long-grain, regular, unenri",2.651,1,354.2,
rice_brown,frida,156,A,"Rice, brown, raw",357.9,9.002,2.9,71.84,0,0,4.2,10.86,1.8,0.1271,0.3026,0.3934,0.696,0.3329,0.2118,0.1059,0.4842,0.2572,0.5901,0.1967,0.6624,12,1.3,1.6,119,251,370,2.2,0.18,4.5,0,0,0,0.68,0,0.48,0.093,2.118,0.495,53,0,0,0.4,1.3,0.02605,0,0,,,68.87,0.7075,1.008,0,0.9821,0.02605,"Rice, brown, long-grain, raw (Includes f → Rice, brown, long-grain, cooked (Include",2.752,1,357.9,
oats_flaked,frida,480,A,"Oats, rolled, not enriched",365.8,13.27,6.691,57.96,1.03,0,10.33,9.5,4,0.1844,0.478,0.5691,1.024,0.5919,0.2276,0.387,0.7512,0.4325,0.8423,0.3187,1.11,53,3.76,3,117,400,411,1.1,,0.5,0,0,0,0.75,0,0.387,0.128,3.073,0.132,47.23,0,0,0.2,4.1,,0,0,,,57.9,1.98,2.3,0,2.2,0.1,"Cereals, oats, regular and quick, not fo → Cereals, oats, regular and quick, unenri",5.177,1,365.8,sat_fat from usda_sr:173904; mufa_g from usda_sr:173904; pufa_g from usda_sr:173904; n6_g from usda_sr:173904; n3_g from usda_sr:173904
buckwheat,usda_sr,170685,A,"Buckwheat groats, roasted, dry",346,11.73,2.71,74.95,,,10.3,8.41,11,0.17,0.448,0.441,0.736,0.595,0.153,0.202,0.461,0.213,0.6,0.273,0.591,17,2.47,2.42,221,320,319,8.4,0.624,,0,0,0,,,0.224,0.271,7.968,0.353,42,0,0,,,0.062,0,0,,,,0.828,0.828,,0.766,0.062,"Buckwheat groats, roasted, dry → Buckwheat groats, roasted, cooked",3.47,1,350.5,
barley_groats,frida,176,A,"Barley groats, raw",349,9.235,2.4,67.87,0,0,9.5,10,3.5,0.1156,0.3326,0.4118,0.7445,0.3485,0.1584,0.1901,0.5386,0.2693,0.5702,0.2376,0.4265,26.46,2.4,1.31,67,329,246,2.3,0.12,0.5,0,0,0,0.25,,0.16,0.075,1.927,0.3,34,0,0,0.44,1.5,0.1049,0,0,,,62.2,0.2058,1.096,0,0.9909,0.1049,"Barley, pearled, raw → Barley, pearled, cooked",4.385,1,349,
semolina,frida,1311,A,Semolina,353,9.38,1.2,74.82,0.6,0,2.7,11.6,1.4,0.097,0.24,0.36,0.64,0.21,0.14,0.15,0.45,0.19,0.42,0.19,0,16.67,0.6,3.3,6,117,68.1,1,0.41,0.3,0,0,0,0.1,30,0.21,0.045,1.617,0.085,42,0,0,,,0,0,0,,,74.4,0,0,0,0,0,"Cereals, farina, enriched, assorted bran → Cereals, farina, enriched, assorted bran",6.374,1,353,
millet,usda_sr,169702,A,"Millet, raw",378,11.02,4.22,72.85,,,8.5,8.67,5,0.119,0.353,0.465,1.4,0.212,0.221,0.212,0.58,0.34,0.578,0.236,0.723,8,3.01,1.68,114,195,285,2.7,0.75,,0,0,0,0.05,0.9,0.421,0.29,6.703,0.384,85,0,0,,,0.118,0,0,,,,0.773,2.134,,2.015,0.118,"Millet, raw → Millet, cooked",3.14,1,356.5,
bulgur,frida,283,A,"Bulgur, parboiled, raw",341.5,10.79,1.9,65.39,0.9,0,9.85,10.82,11,0.152,0.333,0.404,0.833,0.276,0.194,0.242,0.565,0.295,0.511,0.273,0.2281,32.86,1.9,2.3,68.5,375,267.1,3.45,0.43,5.6,0,0,0,0.0942,,0.1775,0.03835,2.533,0.185,23.1,0,0,0,3,0,0,0,3.35,6.5,44.59,0.1553,0.5522,0,0.5522,0,"Bulgur, dry → Bulgur, cooked",3.99,1,341.5,
couscous,usda_sr,169699,A,"Couscous, dry",376,12.76,0.64,77.43,,,5,8.56,10,0.163,0.337,0.493,0.872,0.245,0.199,0.36,0.62,0.335,0.544,0.259,0.117,24,1.08,0.83,44,166,170,,0.247,,0,0,0,,,0.163,0.078,6.207,0.11,20,0,0,,,0.012,0,0,,,,0.089,0.252,,0.24,0.012,"Couscous, dry → Couscous, cooked",3.367,1,356.5,
pasta_wheat,frida,305,A,"Pasta, raw",361.4,12.33,1.8,72.37,0,0,3.2,9.5,2,0.1341,0.346,0.5622,0.9515,0.2811,0.2011,0.1881,0.692,0.2379,0.6271,0.3027,0.2514,20,1.7,1.2,62,215,140,4.8,0.25,0.6,0,0,0,0.2,0,0.15,0.035,2.235,0.05,29.4,0,0,,2.2,0.05409,0,0,,,73.93,0.1893,0.8013,0,0.7472,0.05409,"Pasta, dry, enriched → Pasta, cooked, enriched, without added s",2.248,1,361.4,
cornflakes,usda_sr,174648,B,"Cereals ready-to-eat, RALSTON Corn Flakes",384,5.9,0.91,88.01,7.84,,2.7,3.31,571,0.037,0.233,0.247,1.013,0.043,0.11,0.11,0.39,0.167,0.303,0.17,0.227,2,19.4,0.2,7,107,33,2.2,0.075,,986,962,7.1,0.02,0,4.483,1.74,21.65,1.907,714,5.36,65,,,0.017,0,0,,,60.42,0.107,0.293,0,0.277,0.017,,1,1,378.4,
muesli,frida,461,A,"Breakfast cereal, Müsli, no sugar added",366.5,12,6.008,61.72,11.32,0,8.8,9.374,134,0.1667,0.4322,0.5145,0.9261,0.5351,0.2058,0.3499,0.6791,0.391,0.7615,0.2881,1,111,3.5,2.32,101,509,379,,,0.91,2.333,0,,,3.699,0.59,0.38,2.778,,,,,,,,0,0,,,50.5,3,1.8,0,,,,1,1,366.5,
bread_rye,frida,379,A,"Rye bread, dark, wholemeal, imported",200.2,5.655,1.7,36.37,3.78,0,8.4,45.5,550,0.071,0.21,0.24,0.41,0.21,0.096,0.091,0.28,0.12,0.34,0.14,0.2705,77,2.2,1.43,52,280,188,3.145,0.22,30.6,0,0,0,0.2,0,0.1847,,1.183,0.1612,,0,0,0.71,,0.119,0,0,,,36.4,0.3763,0.8407,0,0.7217,0.119,,1,1,200.2,
bread_rye_fine,frida,413,B,"Rye bread, light",205.3,5.445,1.176,39.79,2.82,0,6.889,44.81,585.1,0.06818,0.1775,0.2148,0.3549,0.2055,0.08873,0.08406,0.2709,0.1121,0.3082,0.1214,0.1847,31.64,1.112,1.316,39.93,225.8,116.4,1.173,0.1307,28.9,0,0,0,0.2,0,0.1801,0.066,1.136,0.123,26.33,0,0,0.48,0.865,0.082,0,0,,,37.4,0.263,0.5387,0,0.4567,0.082,,1,1,205.3,
bread_rye_wheat,frida,413,B,"Rye bread, light",205.3,5.445,1.176,39.79,2.82,0,6.889,44.81,585.1,0.06818,0.1775,0.2148,0.3549,0.2055,0.08873,0.08406,0.2709,0.1121,0.3082,0.1214,0.1847,31.64,1.112,1.316,39.93,225.8,116.4,1.173,0.1307,28.9,0,0,0,0.2,0,0.1801,0.066,1.136,0.123,26.33,0,0,0.48,0.865,0.082,0,0,,,37.4,0.263,0.5387,0,0.4567,0.082,,1,1,205.3,
bread_wheat,frida,1521,A,"Wheat bread, white, industrially produced",262.2,8.428,3.6,47.44,3.2,0,3.169,35.84,438.4,0.08872,0.2514,0.3697,0.6358,0.207,0.1375,0.1626,0.4436,0.207,0.4288,0.1922,1.177,32.15,0.9377,0.6092,18.7,116.5,87.38,2.001,0.1072,25,0,0,0,0.5,,0.1375,0.06285,1.479,0.07667,24.8,0.09717,0,,2.245,0.07774,0,0,,,44.15,1.101,0.8357,0,0.758,0.07774,,1,1,262.2,
bread_grain,frida,672,B,"Bread, wholemeal",248.8,8.283,2.643,45.37,2,0,5.207,36.65,444.4,0.1023,0.2273,0.341,0.5967,0.2557,0.1293,0.1293,0.3978,0.1705,0.4262,0.1847,0.529,39.5,1.477,1.153,38.75,203.5,152.3,1.7,0.1625,23.4,0,0,0,0.3,20,0.2022,0.1006,1.705,0.1431,44.75,0,0,0,2.5,0.09593,0,0,,,43.49,0.5162,1.007,0,0.9026,0.1042,,1,1,248.8,
bread_toast,frida,701,A,"Wheat bread, for toasting, industrially produced",254.7,7.897,2.821,47.8,3.3,0,3.264,36.68,453.9,0.08313,0.2355,0.3464,0.5957,0.194,0.1288,0.1524,0.4156,0.194,0.4018,0.1801,0.7913,46.24,0.9607,0.5793,17.82,110.6,80.06,1.567,0.1022,25.7,0,0,0,0.5,,0.1605,0.05179,1.385,0.07633,25,0,0,,2.382,0.09902,0,0,,,44.54,0.959,0.8003,0,0.7012,0.09902,,1,1,254.7,
crispbread,frida,375,A,"Crispbread, knackebrot, rye, coarse",343.4,9.309,1.975,64.44,1.6,0,15.3,6.614,428.5,0.1,0.31,0.33,0.57,0.36,0.14,0.13,0.4,0.21,0.48,0.21,0.3837,38.03,2.656,2.592,93.32,478.7,303.9,2.3,0.3523,24.3,1.667,0,0,0.8,0,0.2887,0.1248,1.667,0.2454,66.67,0,0,0.5,2.1,0.1452,0,0,,,58.8,0.3415,1.131,0,0.9861,0.1452,,1,1,343.4,
potatoes,frida,938,A,"Potato, automn (October to January), raw",85.72,2.2,0.2,18.06,1,0,1.439,77.1,7,0.03344,0.07392,0.08096,0.1197,0.1267,0.02992,0.01795,0.088,0.04224,0.1302,0.03872,0.03851,,,,,,,,,,0.8333,0,0,,,,,0.5573,,,0,19,,,0.06373,0,0,,,16.65,0.009959,0.1115,0,0.0478,0.06373,"Potatoes, white, flesh and skin, raw → Potatoes, boiled, cooked without skin, f",0.982,0.75,85.7,
sweet_potato,frida,714,A,"Sweet potato, raw",71.56,1.303,0.3175,14.51,4.175,0,2.717,80.08,33.17,0.01626,0.06672,0.06672,0.09799,0.06672,0.03336,0.01063,0.08131,0.0563,0.08757,0.02502,0.06491,44.5,0.9375,0.202,14.95,407.5,47,,0.151,,745,0,0,,,0.06525,0.061,0.828,0.1783,11,0,19.27,,,0.02028,0,0,,,12.7,0.01116,0.1329,0,0.1126,0.02028,"Sweet potato, raw, unprepared (Includes  → Sweet potato, cooked, baked in skin, fle",0.781,0.72,71.6,
fries_frozen,frida,1847,A,"French fries, crinkle-cut, frozen",129.1,2.25,3.4,21.07,0.4,0,2.6,69.66,33,0.02435,0.07655,0.0725,0.129,0.1235,0.0375,0.0265,0.0957,0.07285,0.114,0.0386,0.1928,7.8,0.46,0.31,20.5,470,67.5,0,0.09,0,0,0,0,0.638,0,0.064,0.0207,0.9708,0.0951,18.65,0,10.92,,,0,0,0,1.1,1.5,16.7,1.398,1.28,0,1.28,0,"Potatoes, french fried, all types, salt  → Potatoes, french fried, all types, salt ",0.842,1,129.1,
beans_dried,frida,1801,A,"Beans, white, dried, raw",275.8,18.01,2.1,29.48,3.129,0,33.48,13.05,0.2286,0.2694,0.955,0.925,1.689,1.464,0.2276,0.2389,1.211,0.6996,1.083,0.6009,0.541,165,5.812,2.237,161.2,1462,418.8,2.271,0.7257,0,0,0,0,0,0.7238,0.3169,0.1479,5.989,0.4091,82.1,0,0.1796,0,0.5,,0,0,8.88,24.6,17.42,0.182,0.902,0,,,"Beans, white, mature seeds, raw → Beans, white, mature seeds, cooked, boil",2.401,1,275.8,
lentils_red,frida,1799,A,"Lentils, red, dried, raw",322.6,22.53,1.95,44.47,2.133,0,18.51,10.19,0.95,0.2022,0.98,1.045,1.89,1.708,0.2007,0.2682,1.275,0.777,1.227,0.6822,0.4,24,4.967,3.583,74.5,870,353.3,11.83,0.81,0.7,3.038,0,0,0.2813,7.203,0.4083,0.1787,5.209,0.367,99.72,0,0.8597,0,0,,0,0,7.405,11.1,29.75,0.5,1.1,0,,,"Lentils, raw → Lentils, mature seeds, cooked, boiled, w",2.731,1,322.6,
lentils_green,frida,1800,A,"Lentils, green, dried, raw",309.8,20.47,1.867,41.34,1.9,0,22.87,11.03,1.25,0.1848,0.8623,0.925,1.67,1.555,0.1855,0.2425,1.123,0.672,1.082,0.6222,0.2,58.17,7.433,3.733,95.67,900,326.7,31.97,0.83,0,3.919,0,0,0.5943,3.918,0.2972,0.1615,5.252,0.4087,117.7,0,1.017,0,0.08333,,0,0,7.463,15.4,27.28,0.3,0.8,0,,,"Lentils, raw → Lentils, mature seeds, cooked, boiled, w",2.731,1,309.8,
peas_split,frida,592,A,"Split peas, dry, raw",347.3,22,2.1,56.4,2.37,0,7.4,9.5,26,0.183,0.7392,0.9152,1.408,1.514,0.1654,0.1478,0.9152,0.528,1.162,0.4928,0.3765,37.82,5.5,3.8,82,1115,407,14,0.69,0.5,2.5,0,0,0,81,0.82,0.18,5.551,0.075,33,0,1,0.3,3.4,0.1973,0,0,,,39.4,0.1579,1.146,0,0.9483,0.1973,"Peas, green, split, mature seeds, raw → Peas, split, mature seeds, cooked, boile",2.772,1,347.3,
peas_grey,frida,1861,B,"Lolland raisins (beige-brown pea), dried",352.9,18.01,1.7,65.1,2.05,0,2.6,9.4,0,0.186,0.791,0.825,1.45,1.53,0.194,0.328,0.976,0.686,0.97,0.49,0.3,78,6.6,6,130,1200,450,0,0.72,7,41.67,0,0,0.1,41.4,0.62,0.07,5.1,0.3,274,0,2,,0.0035,,0,0,,,47.6,0.5,0.9,0,,,"Peas, green, split, mature seeds, raw → Peas, split, mature seeds, cooked, boile",2.772,1,352.9,
chickpeas_dried,frida,1803,A,"Chickpeas, dry, raw",336.8,18.79,6,41.43,3.1,0,20.96,9.92,2.95,0.226,0.807,0.9055,1.61,1.495,0.282,0.3395,1.27,0.6305,0.969,0.575,0.603,115,4.7,3.1,130,995,345,6.15,0.725,0,0,0,0,2.325,6.175,0.345,0.135,5.347,0.5265,181,0,0.6235,0,0.3,,0,0,7.68,13.29,22.75,1.38,2.73,0,,,"Chickpeas (garbanzo beans, bengal gram), → Chickpeas (garbanzo beans, bengal gram),",2.31,1,336.8,
beans_canned,frida,1810,A,"Beans, red kidney, boiled, canned",94.56,6.072,0.85,11.64,0.95,0,8.035,72.22,170,0.0883,0.305,0.333,0.607,0.5035,0.078,0.0665,0.4275,0.2295,0.3825,0.204,0.1,45.5,1.45,0.75,31.5,255,97,1.6,0.225,0,0,0,0,0,1.795,0.071,0.4265,1.827,0.03415,15.65,0,7.44,0,0,,0,0,3.035,5,5.65,0.1,0.4,0,,,,1,1,94.6,
chickpeas_canned,frida,1812,A,"Chickpeas, boiled, canned",113.1,6.237,2.3,12.96,0,0,7.8,69.76,155,0.08085,0.29,0.3205,0.584,0.515,0.118,0.0845,0.4505,0.2345,0.354,0.1965,0.3,43,1.3,1.25,32,155,89.5,5,0.285,0,1.16,0,0,0.985,3.28,0.0375,0.05005,1.522,0.0513,29.1,0,5.655,0,0,,0,0,2.395,5.405,8.2,0.7,1.1,0,,,,1,1,113.1,
peas_canned,frida,1314,A,"Peas, green, canned",74.8,5.233,0.8,8.367,4.7,0,6.6,77.9,252,0.04522,0.2261,0.2512,0.3768,0.3517,0.05778,0.01758,0.2177,0.1507,0.3182,0.1089,0.1436,31.33,1.4,0.23,6,37,79.2,1.018,0.025,0.9,66.67,0,0,0.04,70,0.14,0.065,1.554,0.05,22,0,9.6,0.2,0.6,0.07482,0,0,,,3.4,0.06066,0.4358,0,0.3609,0.07482,,1,1,74.8,
tofu,frida,272,A,"Tofu, soy bean curd",125.7,13.31,7.5,0,0.2,0,2.46,76.88,165,0.1905,0.523,0.6085,1.05,0.791,0.142,0.1625,0.7135,0.5155,0.6435,0.3345,1.119,195,1.9,1.15,52.5,105,180,2.1,0.155,2.5,0,0,0,0.2345,16.05,0.0325,0.04385,3.245,0.02125,8.185,0,0,0,0,0.4454,0,0,0.33,2.13,0,1.238,3.734,0,3.288,0.4454,,1,1,125.7,
soy_chunks,usda_sr,174275,B,"Soy flour, defatted",327,51.46,1.22,33.92,16.42,,17.5,7.25,20,0.683,2.042,2.281,3.828,3.129,0.634,0.757,2.453,1.778,2.346,1.268,0.136,241,9.24,2.46,290,2384,674,1.7,4.065,,4,0,0,0.12,4.1,0.698,0.253,14,0.574,305,0,0,,,0.063,0,0,,,,0.208,0.533,0,0.47,0.063,,3,1,317.5,
soy_drink,frida,1178,A,"Beverages, soy, commercially prepared, unfortified",50.13,3.128,2.243,4.359,3.149,4.21,0,89.84,34.76,0.04875,0.1365,0.153,0.2625,0.232,0.0425,0.047,0.181,0.1325,0.155,0.0928,0.3438,11.04,0.4471,0.2756,16.41,110.4,44.91,0.2714,0.12,0.9314,0,0,0,0.1914,4.89,0.03271,0.01656,0.9915,0.02981,13.1,0.006667,1,0,0.55,0.1708,0,0,0,0,0,0.377,1.073,0,0.9027,0.1708,,1,1,50.1,
chicken_fillet,usda_sr,171077,A,"Chicken, broiler or fryers, breast, skinless, boneless, meat only, raw",120,22.5,2.62,0,0,,0,73.9,45,0.283,1.009,1.104,1.861,2.163,0.585,0.236,0.908,0.81,1.165,0.839,0.563,5,0.37,0.68,28,334,213,22.8,0.037,,9,9,0,0.56,0,0.094,0.177,14.32,0.811,9,0.21,0,,,0.013,0.003,0.004,,,,0.689,0.424,0.007,0.319,0.02,"Chicken, broiler or fryers, breast, skin → Chicken, broilers or fryers, breast, mea",0.725,1,113.6,
chicken_legs,frida,882,A,"Chicken, leg, flesh and skin, raw",151.9,18.4,8.7,0,0,0,0,72,83,0.2007,0.772,0.8955,1.359,1.729,0.4941,0.1235,0.7102,0.5867,1.019,0.4941,2.46,11,1.03,2,21,210,154,12.5,,1.4,28,28,1.5,0.5,0,0.07,0.18,8.745,0.3,9,0.35,3,0.2,0,0.08292,0.006142,0.01843,,,0,3.64,1.86,,1.746,0.1136,"Chicken, broilers or fryers, leg, meat a → Chicken, broilers or fryers, leg, meat a",0.681,0.73,151.9,
chicken_whole,frida,959,A,"Chicken, flesh and skin, raw",174.1,18.03,11.33,0,0,0,0,69.73,76,0.1955,0.7521,0.8724,1.324,1.685,0.4813,0.1203,0.6919,0.5716,0.9927,0.4813,3.396,11,0.5848,0.9161,22.42,281,147,12.4,0.036,0.4,9,9,0.2,0.2,,0.09239,0.1446,11.26,0.3637,23.57,0.43,1.6,0.13,2,0.08463,0.04232,0.1269,,,0,3.893,3.079,,2.74,0.3385,"Chicken, broilers or fryers, meat and sk → Chicken, broilers or fryers, meat and sk",0.681,0.68,174.1,
chicken_thigh_fillet,usda_sr,173627,A,"Chicken, broilers or fryers, dark meat, thigh, meat only, raw",121,19.66,4.12,0,0,,0,76.22,95,0.222,0.93,0.939,1.675,1.855,0.562,0.23,0.785,0.739,0.956,0.587,1.097,7,0.81,1.58,23,242,185,22.9,0.062,,7,7,0,0.18,2.9,0.088,0.196,9.257,0.451,4,0.61,0,,,0.03,0.002,0.007,,,,1.497,0.94,0.02,0.748,0.039,"Chicken, broilers or fryers, dark meat,  → Chicken, broilers or fryers, thigh, meat",0.794,1,115.7,
turkey_fillet,usda_sr,171098,A,"Turkey, whole, breast, meat only, raw",114,23.66,1.48,0.14,0.05,,0,74.89,113,0.252,0.859,0.678,1.64,1.952,0.619,0.223,0.763,0.703,0.756,0.641,0.289,11,0.73,1.28,28,242,201,22.7,0.07,,6,6,0.1,0.06,0,0.042,0.145,14.12,0.813,7,0.63,0,,,0.009,0,0.002,,,0.09,0.264,0.258,0.013,0.2,0.011,"Turkey, whole, breast, meat only, raw → Turkey, whole, breast, meat only, cooked",0.785,1,108.5,
chicken_liver,frida,712,A,"Liver, broiler or fryer, raw",115.8,19.11,4.196,0.3982,0,0,0,74.93,67,0.2873,0.9171,0.9171,1.681,1.528,0.428,0.2018,0.8865,0.8559,1.376,0.5197,1.179,8,9.148,2.9,19,255,320,50.49,0.51,3,9375,9371,0.2,0.35,80,0.48,3.4,14.99,0.8,2700,21,23,0.203,1.295,0.06361,0.04759,0.1924,,,1.1,0.6816,1.287,,0.6786,0.6086,"Chicken, liver, all classes, raw → Chicken, liver, all classes, cooked, sim",0.692,1,115.8,
pork_boneless,frida,988,B,"Pork, meat, approx. 10 % fat, raw",183,18.74,12,0,0,0,0,68.3,84,0.2144,0.832,0.96,1.472,1.792,0.512,0.1344,0.736,0.672,1.056,0.736,4.768,7,0.89,3.6,25,366,188,6.9,0.1,1,1,1,0.3635,0.1,0,0.75,0.23,7.373,0.436,1.5,0.65,0,0.13,1.9,0.07116,0,,,,0,5.388,0.8844,,0.8133,0.07116,"Pork, fresh, shoulder, arm picnic, separ → Pork, fresh, shoulder, arm picnic, separ",0.797,1,183,
pork_bone,frida,985,A,"Pork, hand with rind, raw",188.9,18.21,12.9,0,0,0,0,67.9,48.35,0.2015,0.7821,0.9024,1.384,1.684,0.4813,0.1263,0.6918,0.6317,0.9926,0.6918,4.69,6.25,0.4885,1.403,20.41,320.4,188.2,10.2,0.045,1.1,1,1,0.371,0.444,0,0.832,0.1396,9.739,0.319,3.92,0.755,0,0.13,1.9,,,,,,0,5.29,0.87,,,,"Pork, fresh, shoulder, whole, separable  → Pork, fresh, shoulder, whole, separable ",0.738,0.75,188.9,
pork_minced,frida,1076,A,"Pork, mince, 15-20% fat, raw",223.6,17.12,17.24,0,0,0,0,64.72,61.33,0.23,0.89,1.03,1.56,1.85,0.53,0.14,0.76,0.7,1.13,0.79,6.322,6.583,0.9239,2.239,18.7,300.6,180.4,6.9,0.07733,1,8.95,8.95,0.41,0.5839,,0.6417,0.1909,8.894,0.2767,5.533,0.85,,,,0.1744,,,,,0,7.627,1.849,0.08684,1.674,0.1744,"Pork, fresh, ground, raw → Pork, fresh, ground, cooked",0.657,1,223.6,
meat_minced_mixed,frida,1076,B,"Pork, mince, 15-20% fat, raw",223.6,17.12,17.24,0,0,0,0,64.72,61.33,0.23,0.89,1.03,1.56,1.85,0.53,0.14,0.76,0.7,1.13,0.79,6.322,6.583,0.9239,2.239,18.7,300.6,180.4,6.9,0.07733,1,8.95,8.95,0.41,0.5839,,0.6417,0.1909,8.894,0.2767,5.533,0.85,,,,0.1744,,,,,0,7.627,1.849,0.08684,1.674,0.1744,"Pork, fresh, ground, raw → Pork, fresh, ground, cooked",0.657,1,223.6,
beef_minced,frida,942,A,"Beef, mince, 10-15% fat, raw",164.4,19.38,9.656,0,0,0,0,70.03,64.81,0.232,0.9236,0.9957,1.666,1.833,0.5263,0.1581,0.8624,0.7033,1.094,0.7466,2.796,6.888,2.251,4.4,19.25,301.9,174.4,6.575,0.06656,0.2667,11.7,11.7,0.5,0.3925,,0.04412,0.1661,7.792,0.2606,9.625,2.044,,,,0.0385,,,,,0,5.73,0.1851,0.1398,0.1466,0.0385,"Beef, ground, 85% lean meat / 15% fat, r → Beef, ground, 85% lean meat / 15% fat, c",0.67,1,164.4,
beef_bone,frida,1019,A,"Beef, chuck, raw",193.4,18.83,13.12,0,0,0,0,67.17,62,0.2213,0.8103,0.935,1.465,1.621,0.4675,0.1403,0.748,0.6233,0.9973,0.6545,5.195,5.27,2.2,4.4,21,310,175,6.5,0.07,1,13,13,0.6,0.43,0,0.04,0.185,9.388,0.46,6,1.4,0,0.05,0.9,0.03608,,0,,,0,4.798,0.2134,0.314,0.1773,0.03608,"Beef, chuck, arm pot roast, separable le → Beef, chuck, arm pot roast, separable le",0.638,0.79,193.4,
beef_steak,frida,805,A,"Beef, rumpsteak, cap off, raw",123.2,21.3,4.217,0,0,0,0,73.45,43.33,0.2777,0.977,0.9847,1.742,1.992,0.4688,0.183,0.922,0.7122,1.058,0.8403,1.604,3.4,2.45,3.467,23.67,360,196.7,11.68,0.08,1,0.6571,0.6571,0.6492,0.4197,5.628,0.03767,0.292,9.894,0.2217,11.79,1.81,0,0.05,0.9,0,0,0,,,0,1.494,0.02474,0,0.02474,0,"Beef, round, top round steak, boneless,  → Beef, round, top round steak, boneless, ",0.78,1,123.2,
sausage_boiled,frida,1128,B,"Pork/beef sausage, saveloy type",276.8,11.14,23.74,4.487,0,0,0.3,56.81,1152,0.09978,0.4276,0.5167,0.8375,0.8375,0.2138,0.07127,0.4276,0.3386,0.588,0.3029,8.966,22.1,0.76,1.1,16.3,174.4,228,7.3,0.083,2.1,0,0,0.466,,0,0.349,0.148,4.363,0.11,4.8,0.74,0,,,0.2009,0,0,,,3.8,10.44,2.32,,2.12,0.2009,,1,1,276.8,
sausages_small,frida,1143,A,"Pork, sausage, frankfurter",253.8,13.23,20.8,3.315,2.83,0,0.2,59.13,1116,0.1101,0.487,0.5505,0.9528,1.101,0.2753,0.08258,0.487,0.3811,0.6775,0.2964,7.432,24.55,1.3,1.4,21,156.4,222.6,7.2,0.07,14,0,0,0.4615,0.1,12.19,0.14,0.2,3.635,0.15,4,1.1,24,,0.8,0.1901,0,0,,,1.5,9.552,2.152,,1.961,0.1901,,1,1,253.8,
sausage_smoked,usda_sr,174584,B,"Sausage, smoked link sausage, pork",309,11.98,28.23,0.94,0.94,,0,56.49,827,0.216,0.929,0.951,1.692,1.745,0.596,0.248,0.848,0.699,1.068,0.699,9.313,11,0.59,1.31,11,483,157,18.3,0.176,,0,0,1.1,0.25,0,0.212,0.18,6.407,0.179,1,0.66,0,,,0.169,0,0,,,,11.21,3.626,0.231,3.258,0.169,,1,1,305.8,
canned_stewed_meat,frida,666,C,"Pork, ham, cured, canned",111.4,15.7,5.4,0,0,0,0,74.7,1310,0.1708,0.6782,0.7787,1.181,1.407,0.4019,0.1055,0.5778,0.5275,0.8541,0.6029,1.957,6,0.87,1.9,19,281,200,12.1,0.07,1,1,1,0.304,0.08,0,0.52,0.25,6.747,0.27,2.1,0,0,0.13,1.9,0,,,,,0,2.437,0.5198,,0.5198,0,,1,1,111.4,
smoked_chicken,frida,1091,B,"Chicken, flesh and skin, grilled",194,24.2,10.8,0,0,0,0,62,870,0.2548,0.98,1.137,1.725,2.195,0.6272,0.1568,0.9016,0.7448,1.294,0.6272,3.074,23,0.91,1.94,23,280,220,15,,6,47,47,1.5,0.5,0,0.06,0.17,12.75,0.4,5,0.3,0,,,0.1021,0.01021,0.02042,,,0,4.534,2.328,,2.185,0.143,,1,0.68,194,
pelmeni,frida,1406,C,"Dumplings, frozen",210.8,7,14,13.65,0.2,0,1.1,63,980,,,,,,,,,,,,3.8,29.3,1,0.7,12.9,86,98,9.5,,27,0,0,1.4,,,0.1,0.2,1.6,0.1,4,0.5,0,,,,,,,,13.2,6.3,2.5,0,,0.5,,1,1,210.8,
salmon_fillet,usda_sr,175167,A,"Fish, salmon, Atlantic, farmed, raw",208,20.42,13.42,0,0,,0,64.89,59,0.209,0.86,0.968,1.615,1.87,0.626,0.219,0.845,0.759,1.107,0.549,3.05,9,0.34,0.36,27,363,240,24,0.045,,58,58,11,3.55,0.5,0.207,0.155,12.16,0.636,26,3.23,3.9,,,0.148,0.862,1.104,,,,3.77,3.886,,0.9,2.114,"Fish, salmon, Atlantic, farmed, raw → Fish, salmon, Atlantic, farmed, cooked, ",0.924,1,202.5,
whitefish_fillet_frozen,frida,72,A,"Cod, fillet, raw",75.27,17.51,0.5797,0,0,0,0,80.7,76,0.1708,0.7489,0.8688,1.348,1.648,0.5692,0.1288,0.689,0.6591,0.9587,0.3595,0.1018,15,0.2,0.38,25,338,200,28.65,0.019,252.8,2.3,2.3,1,0.45,6.83,0.05,0.04,4.846,0.221,16,1.108,0,5.209,0.04025,0.008027,0.06974,0.152,,,0,0.04139,0.2401,,0.001003,0.2391,"Fish, cod, Atlantic, raw → Fish, cod, Atlantic, cooked, dry heat",0.78,1,75.3,
fish_fillet_frozen,frida,72,B,"Cod, fillet, raw",75.27,17.51,0.5797,0,0,0,0,80.7,76,0.1708,0.7489,0.8688,1.348,1.648,0.5692,0.1288,0.689,0.6591,0.9587,0.3595,0.1018,15,0.2,0.38,25,338,200,28.65,0.019,252.8,2.3,2.3,1,0.45,6.83,0.05,0.04,4.846,0.221,16,1.108,0,5.209,0.04025,0.008027,0.06974,0.152,,,0,0.04139,0.2401,,0.001003,0.2391,"Fish, cod, Atlantic, raw → Fish, cod, Atlantic, cooked, dry heat",0.78,1,75.3,
mackerel_smoked,frida,1220,A,"Mackerel, smoked",300,18.02,25.32,0,0,0,0,54.23,577,0.1974,0.8075,0.9272,1.406,1.645,0.5383,0.1466,0.7477,0.658,1.107,0.8673,5.642,17.45,0.865,0.495,26.1,259.5,172,42,0.0865,18,49.5,49.5,6.055,0.535,0,0.125,0.3,10.74,0.395,8,10.55,0.1775,3.91,0.4543,0.4384,1.632,2.74,,,0,9.955,7.201,,0.5137,6.687,,1,0.65,300,
herring_rolls,frida,47,A,"Herring, pickled, canned",271.6,11.93,16.03,19.9,20.9,20.9,0,49.49,1180,0.1336,0.5343,0.5916,0.9733,1.05,0.3435,0.05916,0.5153,0.3435,0.7252,0.3053,3.1,30,0.92,0.64,6.4,44,52,19,0.12,73.75,12.66,12.66,9.037,1.6,0.5361,0.03,0.17,4.726,,1.8,7.356,0,4,0.5469,0.1799,0.7708,1.006,,,0,8.125,2.597,0.06814,0.1693,2.427,,1,1,271.6,
sprats_in_oil,frida,1120,A,"Sprat (sardine), in oil, canned",204.7,24.6,11.34,1.061,0,0,0,59.6,329,0.2322,0.9446,1.141,1.692,1.732,0.7085,0.1614,0.984,0.7478,1.299,0.984,2.016,420,2,2.2,39,353,450,35,0.12,25,18,18,12,2.31,0,0.1,0.17,9.17,0.2,16,11.5,0,,,0.5871,0.1635,0.2509,,,0,3.331,5.241,,4.215,1.026,,1,1,204.7,
tuna_canned,frida,825,A,"Tuna, in water, canned",106.6,23.94,1.2,0,0,0,0,73.47,274.5,0.269,1.037,1.268,1.806,2.19,0.6916,0.1652,0.9606,0.8454,1.422,1.191,0.23,8.9,0.995,0.58,27.1,224.5,163.5,82,0.0465,15.55,5.05,5.05,2.805,0.6,0,0,0.0615,16.23,0.2545,15,3.4,0,42,2,,0.047,0.223,,,0,0.11,0.31,,0.04,0.27,,1,1,106.6,epa_g from usda_sr:171986; dha_g from usda_sr:171986
carp,usda_sr,171952,A,"Fish, carp, raw",127,17.83,5.6,0,0,,0,76.31,49,0.2,0.782,0.822,1.449,1.638,0.528,0.191,0.696,0.602,0.919,0.525,1.083,41,1.24,1.48,29,333,415,12.6,0.057,,9,9,24.7,0.63,0.1,0.115,0.055,4.973,0.19,15,1.53,1.6,,,0.27,0.238,0.114,,,,2.328,1.431,,0.517,0.622,"Fish, carp, raw → Fish, carp, cooked, dry heat",0.78,0.45,121.7,
eggs,usda_sr,171287,A,"Egg, whole, raw, fresh",143,12.56,9.51,0.72,0.37,,0,76.15,142,0.167,0.556,0.671,1.086,0.912,0.38,0.272,0.68,0.499,0.858,0.309,3.126,56,1.75,1.29,12,138,198,30.7,0.072,,160,160,2,1.05,0.3,0.04,0.457,2.858,0.17,47,0.89,0,,,0.036,0,0.058,,,,3.658,1.911,0.038,1.555,0.094,"Egg, whole, raw, fresh → Egg, whole, cooked, hard-boiled",0.998,0.88,138.7,
milk,usda_sr,171267,A,"Milk, reduced fat, fluid, 2% milkfat, with added vitamin A and vitamin D",50,3.3,1.98,4.8,5.06,,0,89.21,47,0.042,0.141,0.171,0.313,0.276,0.087,0.02,0.171,0.167,0.216,0.1,1.257,120,0.02,0.48,11,140,92,2.5,0.006,,55.67,55,1.2,0.03,0.2,0.039,0.185,0.792,0.038,5,0.53,0.2,,,0.008,0,0,,,,0.56,0.073,0.085,0.062,0.008,,1,1,50.2,
kefir,frida,1153,B,"Milk, 1.5 % fat, cultured, kefir",47.7,3.509,1.593,4.831,3.78,0,0,89.32,43.04,0.04841,0.154,0.187,0.363,0.3135,0.08801,0.02255,0.1705,0.1705,0.2475,0.09351,1.032,121.3,0.029,0.4127,11.75,153,95.71,1.3,0.009667,10.73,15.17,14,0.04,0.04,0,0.04633,0.1742,0.9016,0.0492,11.5,0.438,1.3,0.03,0.002,0.01195,,,,,0,0.4292,0.04482,,0.03287,0.01195,,1,1,47.7,
curd,frida,307,B,"Cheese, Quark, 5 % fidm.",57.6,9.145,0.3,3.942,3.667,0,0,85,33.67,0.1261,0.3153,0.5017,0.8457,0.731,0.258,0.03297,0.473,0.5017,0.6163,0.258,0.1935,121,0.01767,0.4767,11.8,143,136.7,4,0.01233,15.33,3.333,3,0.07,0.01,0,0.04,0.23,2.276,0.05,27,0.3933,1,,0.004,0.00225,,,,,0,0.08175,0.00825,,0.006,0.00225,,1,1,55,
cheese_hard,frida,161,B,"Cheese, semihard, Havarti, 45 % fidm.",342.8,24.5,26.8,0.0108,0,0,0,43.4,755,0.3379,0.8448,1.344,2.266,1.958,0.6912,0.08832,1.267,1.344,1.651,0.6912,17.35,607,0.16,4,26.9,67.1,530,8.5,0.086,10.44,247.7,228,0.27,0.68,,0.05,0.33,5.732,0.09,60,1.38,0.5,0.06,0.01,0.2,,,,,0,7.212,0.7602,,0.5601,0.2,,1,1,339.2,
yogurt_plain,frida,12,A,"Yogurt plain, whole milk",62.18,3.789,3.572,2.782,3.629,0,0,87.83,46.49,0.05166,0.1603,0.2019,0.3622,0.3385,0.09501,0.02494,0.1663,0.1722,0.2553,0.1009,2.311,132.1,0.05299,0.4906,11.73,145.7,98.95,1.778,0.009,12,31.24,28.57,0.1,0.02,1.008,0.04137,0.1743,0.961,0.042,21,0.22,0.2,,0.002,0.02708,,,,,0,0.9634,0.1016,,0.07448,0.02708,,1,1,58.4,
sour_cream,usda_sr,171257,B,"Cream, sour, cultured",198,2.44,19.35,4.63,3.41,,0,73.07,31,0.042,0.142,0.163,0.322,0.275,0.078,0.029,0.157,0.152,0.195,0.092,10.14,101,0.07,0.33,10,125,76,3.7,0.018,,125.2,121,0,0.38,1.5,0.02,0.168,0.793,0.041,6,0.21,0.9,,,0.068,0.006,0.001,,,0,4.594,0.8,0.796,0.648,0.075,,1,1,202.4,
cream_35,frida,1174,A,"Cream, whipping, 38 % fat",360.4,2.123,38.02,2.315,2.985,0,0,56.95,27.69,0.02861,0.08984,0.1231,0.203,0.1897,0.05324,0.0163,0.1065,0.08984,0.1464,0.05989,24.27,66.8,0.04786,0.2354,6.83,94.09,57.34,1.471,0.0224,10.08,360.1,332.1,0.2424,0.8657,11.21,0.031,0.158,0.5469,0.02,10.8,0.44,0.8,0.3,0.002,0.2451,,,,,0,8.589,1.036,1.544,0.6327,0.2451,,1,1,359.9,
cheese_processed,frida,98,A,"Cheese, processed, 45 % fidm.",307.2,22.35,24.19,0,0.445,0,0,48.5,534.9,0.3095,0.7736,1.231,2.075,1.793,0.633,0.08088,1.16,1.231,1.512,0.633,14.94,630.2,0.2643,2.753,26.05,106.1,805.1,9.2,0.2492,14.8,224,206,0.25,0.585,21.11,0.09,0.43,5.258,0.025,7,1,0,0.1,0.01,0.1357,,,,,0,6.087,0.6541,0.9194,0.4304,0.1357,,1,1,307.2,
cheese_cream,frida,1773,A,"Cheese, Cream, 45-55 % fidm.",259.6,5.614,24.8,3.476,2.919,0,0,64.59,425,0.07744,0.1936,0.308,0.5192,0.4488,0.1584,0.02024,0.2904,0.308,0.3784,0.1584,14.47,113.1,0.06,0.4023,8.423,114.4,86.67,4.147,0.03533,10.23,217,217,0.3475,0.52,0,0.03,0.17,1.361,0.04,15.3,0.22,0,,,0.09267,,,,,0,5.232,0.5074,0.8777,0.3473,0.09267,,1,1,259.6,
skyr,frida,1693,A,"Skyr, 0.2 % fat",69.98,11,0.2,6.046,4,0,0,82,45,0.1517,0.3793,0.6034,1.017,0.8792,0.3103,0.03965,0.5689,0.6034,0.7413,0.3103,0.1,120,0.02,0.6,12,140,150,3.7,0.25,10.73,12.67,11,0.03504,0.005,,0.01,0.28,2.729,0.05,1,0.7,0,,,0,,,,,0,0.02,0,,0,0,,1,1,70,
cottage_cheese,frida,517,A,"Cheese, cottage, 20 % fidm.",98.86,13.27,4.245,1.617,2.5,0,0,79.17,351,0.183,0.4576,0.728,1.227,1.061,0.3744,0.04784,0.6864,0.728,0.8944,0.3744,2.732,90,0.034,0.635,7.35,71,153.5,7.25,0.0255,11.5,41,37,0.11,0.04,21.14,0.03,0.23,3.136,0.04,2.8,0.47,1,,0.004,0.02539,,,,,0,0.9089,0.1066,0.1879,0.07109,0.02539,,1,1,97.8,
curd_snack,frida,520,C,Quark with fruit,165.6,6.91,8.214,15.98,7.273,4.99,0,68.7,110,0.09206,0.2383,0.379,0.639,0.5523,0.1949,0.02707,0.3574,0.3682,0.4657,0.1949,5.354,154.5,0.156,0.355,7.955,62.17,136.2,2.3,0.017,10.08,75.84,69.82,0.116,0.209,0,0.029,0.184,1.697,0.04,15.76,0.428,1.908,0.121,0.012,0.04,0,0,,,0,2.205,0.203,,0.163,0.04,,1,1,165.5,
peanuts,frida,864,A,"Nut, pea, oilroasted and salted",631.7,24.56,53.33,9.509,3.1,0,7.7,1.667,503,0.2361,0.7718,1.135,1.907,0.9988,0.2996,0.3178,1.589,0.9988,1.498,0.7264,9.781,45.15,1.46,3.27,190,700,391.2,6.9,0.57,0,0,0,0,8.1,,0.141,0.085,16.13,0.47,124,0,0.8,0.2,3,0,0,0,,,5,25.28,14.49,0,14.49,0,,1,1,631.7,
peanut_butter,frida,1162,A,Peanut butter,636.9,22.6,53.7,12,6.38,6.38,7.6,1.1,350,0.3759,0.6683,0.9607,1.754,0.8772,0.3342,0.3342,1.295,0.8772,1.17,0.6265,10.69,37,2.1,3,180,700,330,6.9,0.7,0.5,0,0,0,4.7,0,0.17,0.1,21.27,0.5,53,0,0,,,0,0,0,,,5.8,27.35,13.51,0,13.51,0,,1,1,636.9,
sunflower_seeds,frida,438,A,"Sunflower seeds, decorticated, dried",620.4,24.69,54.35,3.134,3.4,0,9.95,4.75,0,0.355,0.808,0.922,1.4,0.859,0.527,0.385,1.05,0.568,1.11,0.577,5.436,87.5,4.85,4.65,320,755,670,9.9,1.8,0,2.5,0,0,36.85,,1.31,0.195,8.792,0.5725,151,0,0,0,19,0,0,0,1.9,8.05,0.1619,19.82,23.53,0,23.53,0,,1,1,620.4,
pumpkin_seeds,usda_sr,170556,A,"Seeds, pumpkin and squash seed kernels, dried",559,30.23,49.05,10.71,1.4,,6,5.23,7,0.576,0.998,1.281,2.419,1.236,0.603,0.332,1.733,1.093,1.579,0.78,8.659,46,8.82,7.81,592,809,1233,9.4,1.343,,1.5,0,0,2.18,7.3,0.273,0.153,14.59,0.143,58,0,1.9,,,0.12,0,0,,,1.47,16.24,20.98,0.064,20.71,0.12,,1,1,593.2,
walnuts,frida,647,A,"Walnuts, dried",693,14.07,64.63,10.29,2.6,0,6.95,2.385,0,0.198,0.503,0.56,1.06,0.422,0.253,0.261,0.664,0.475,0.69,0.358,5.506,83.17,2.288,2.7,141.7,380,369.1,1.2,1.05,0,2.167,0,0,0.89,3.45,0.252,0.164,3.862,0.191,123,0,1.3,0,0,7.599,0,0,0.95,6,0.2245,11.62,44.05,0,36.45,7.599,,1,1,693,
almonds,frida,35,A,"Almond, raw",606.4,21.24,52.1,7.837,6.55,0,10.6,5.125,0.7,0.237,0.663,0.853,1.58,0.666,0.187,0.284,1.21,0.691,1.01,0.574,4.318,256.5,3.4,3.3,263.8,730,488.7,2.15,1,0.15,0,0,0,23.35,,0.1365,0.9385,5.83,0.128,76.05,0,0.8,0,1,0,0,0,1.55,9.05,0,33.48,12.11,0,12.11,0,,1,1,606.4,
hazelnuts,frida,302,A,"Hazelnut, dried",657.1,13.2,60.58,10.1,3,0,9.35,4.58,0,0.21,0.458,0.519,1.02,0.435,0.201,0.245,0.667,0.434,0.683,0.374,4.44,142.6,2.77,2,155,600,280,0.65,1.4,0.3333,2.667,0,0,22.25,10.65,0.17,0.384,4.087,0.214,80.5,0,6.3,0,1,0.0586,0,0,1.45,7.9,0.3197,48.27,6.102,0,6.044,0.0586,,1,1,657.1,
flaxseed,frida,149,A,"Linseeds, raw",463.7,25.52,31,5.46,1.6,0,30.4,4.9,1.05,0.4,1.04,1.24,1.68,1.16,0.52,0.48,1.32,0.68,1.48,0.64,2.855,201,8.95,5.5,335,505,547,28,,0.5,9.167,0,0,8.2,,0.752,0.217,6.667,0.3655,170.5,0,0,0,35.35,16.27,0,0,,,0,6.139,20.15,0,3.873,16.27,,1,1,463.7,
bananas,frida,3,A,"Banana, raw",93.48,1.141,0.2056,20.96,15.37,0,1.633,75.35,0,0.01022,0.03285,0.03467,0.08942,0.0511,0.01022,0.003103,0.03467,0.02007,0.05292,0.08395,0.08207,6.62,0.2514,0.1669,28.11,348.1,25.63,0.3517,0.1055,0.0477,8.833,0,0,0.27,0.5,0.03986,0.01414,0.7653,0.3054,38,0,11.2,0.0089,0.0136,0,0,0,,,4.325,0.04287,0.02511,0,0.02511,0,,1,0.64,93.5,
apples,frida,2,A,"Apple, raw, all varieties",55.06,0.2694,0.2286,12.05,10.89,0,2.209,84.93,0.6012,0.002586,0.007758,0.008619,0.01379,0.01293,0.002586,0.0008619,0.006896,0.00431,0.01034,0.00431,0.04493,4.126,0.1205,0.02421,4.494,117.8,9.52,0.0052,0.031,0.0978,4.167,0,0,0.2543,3,0.01305,0.00823,0.1659,0.046,9,0,8.263,0.0008667,0.02487,0.02759,0,0,,,0,0.007094,0.1308,0,0.1033,0.02759,,1,0.9,55.8,
raisins,frida,880,A,"Raisin , seedless",333.2,3.234,1.6,74.73,68.85,0,3.6,15.14,9,0.006209,0.07244,0.06209,0.09832,0.09314,0.01656,0.007762,0.06209,0.01345,0.09314,0.06209,0.5245,45.1,2.4,0.3,35,785,107,0.4,0.32,2,4.667,0,0,0,,0.085,0.03,0.6035,0.11,4,0,3.3,0.7,0.2125,0.1077,0,0,,,0,0.06282,0.4687,0,0.361,0.1077,,1,1,333.5,
cabbage,frida,26,A,"Cabbage, white, raw",31.57,1.225,0.2,5.088,4.37,0,2.257,90.62,6,0.009016,0.02352,0.02744,0.03528,0.03528,0.009016,0.005096,0.02156,0.01215,0.04508,0.02156,0.04129,50.86,0.305,0.145,10.88,240.4,30.1,0.7667,0.019,0.7,5.833,0,0,0.02,76,0.04933,0.0355,0.5503,0.1557,77,0,45.75,0.09,0.2833,0.08361,0,0,,,0.03,0.004129,0.1146,0,0.03097,0.08361,,1,0.8,31.6,
carrots,frida,24,A,"Carrot, raw",36.13,0.687,0.4,6.011,6.167,0,2.867,89.31,66,0.005936,0.01759,0.01979,0.02638,0.02418,0.005936,0.0008794,0.01759,0.009343,0.02968,0.008464,0.07902,24.6,0.24,0.19,9.6,285.7,33.1,0.1,0.036,3,1632,0,0,0.55,13.2,0.04,0.033,1.099,0.119,63,0,7.01,0.16,1.74,0.02927,0,0,,,0,0.005854,0.2351,0,0.2059,0.02927,,1,0.89,36.1,
veg_frozen,usda_sr,170471,A,"Vegetables, mixed, frozen, unprepared",72,3.33,0.52,13.47,,,4,82.08,47,0.034,0.133,0.162,0.221,0.198,0.04,0.03,0.139,0.086,0.174,0.085,0.098,25,0.95,0.45,24,212,59,0.4,0.093,,0,0,0,,,0.122,0.085,1.819,0.096,29,0,10.4,,,0.063,0,0,,,,0.031,0.235,0,0.173,0.063,"Vegetables, mixed, frozen, unprepared → Vegetables, mixed, frozen, cooked, boile",1.164,1,63.9,
sunflower_oil,frida,1382,A,Sunflower oil,900,0,100,0,0,0,0,0,0,0,0,0,0,0,0,0,0,0,0,0,10.16,0,0,0,0,0,0,0,,0,4.333,0,0,55,0,0,0,0,0,0,0,0,,0,0,0,0,,,0,22.03,62.98,,62.98,0,,1,1,900,trans_g from usda_sr:171025
rapeseed_oil,frida,1483,A,"Oil, rape seed (no eruca acid)",900,0,100,0,0,0,0,0,0,0,0,0,0,0,0,0,0,0,0,0,6.116,0,0,0,0,0,0,0,,0,0,0,0,18.4,0,0,0,0,0,0,0,0,,,9.027,0,0,,,0,60.2,29.28,0.395,20.26,9.027,,1,1,900,trans_g from usda_sr:172336
olive_oil,frida,1467,A,Olive oil,900,0,100,0,0,0,0,0,2,0,0,0,0,0,0,0,0,0,0,0,12.24,1,0.56,0,0,1,0,0,,0,0,0,0,5.1,0,0,0,0,0,0,0,0,,0.4,0.5827,0,0,,,0,74.73,8.73,,8.147,0.5827,,1,1,900,trans_g from usda_sr:171413
butter,frida,1052,A,"Butter, salt added",740.9,0.6508,81.51,1.182,0.575,0,0,15.6,371.8,0.008772,0.02754,0.03774,0.06222,0.05814,0.01632,0.004998,0.03264,0.02754,0.04488,0.01836,53.54,16.8,0.0115,0.0435,1.6,29.06,21.67,1.562,0.02187,2.737,779.4,719.1,0.6421,1.778,0,0.007,0.035,0.2462,0,3,0.17,0,0.2,0.5,0.5365,,,,,0,16.98,2.202,3.52,1.345,0.5365,,1,1,740.9,
margarine,frida,1020,A,"Margarine, 80 % fat, table use, soft, vegetable fat",727,0.7975,79.8,1.403,0,0,0,16,550,0.011,0.034,0.046,0.074,0.06,0.019,0.007,0.038,0.038,0.051,0.021,17.54,10,0.09,0.047,1.8,37.7,23,0,0,1.5,840,780,0,32.5,0,0.01,0.025,0.2063,0.003,2,0.1,0,,0.3,0.6998,,0,,,0,18.07,41.69,0,40.99,0.6998,,1,1,727,
wheat_flour,frida,1301,A,Wheat flour,343.3,9.7,1.546,69.66,1.125,0,5.975,12.59,0,0.129,0.296,0.368,0.7525,0.2475,0.1685,0.238,0.538,0.31,0.448,0.234,0.382,17.63,1.173,0.8675,25.37,154.7,115.3,4.225,0.1344,1.425,1.333,0,0,0.4338,0,0.1638,0.02705,2.15,0.0668,30.57,0,0,0,3.167,0,0,0,4.025,1.95,55.42,0,0.8547,0,0.8547,0,,1,1,343.3,
sugar,frida,77,A,"Sugar, sucrose, white",399.5,0,0,99.88,99.9,99.9,0,0.1,0,0,,,,,,,,,,,0,0.4,0.06,0.011,0.1,2,0.1,0,0.011,0,0,0,0,0,0,0,0,0,0,0,0,0,,0.2,,,,,,0,0,0,0,0,0,,1,1,399.5,no AA profile
honey,frida,1176,A,Honey,327.2,0.3,0,81.5,75.1,75.1,0,18,11,0.001488,,,,,,,,,,,0,5,0.4,0.35,2.9,51,7.2,0,0.031,0.5,0,0,0,0,25,0,0.1,0.1248,0.16,0,0,1.1,0.02,0.09444,,,,,,0,0,0,0,0,0,,1,1,327.2,no AA profile
jam,frida,718,A,"Strawberry, jam",201.9,0.3,0.3,49,50,47,1,49.2,18,0.003744,0.01008,0.01104,0.01776,0.01584,0.004608,0.00168,0.01008,0.0048,0.01296,0.00528,0.02483,14.5,,,,,16.9,,,,0.3333,0,,,,,,0.0624,,,,,,,0.08276,,,,,0,0.04138,0.1738,0,0.09103,0.08276,,1,1,201.9,
mayonnaise,frida,1147,A,"Salad dressing, mayonnaise",347.7,1.169,32.5,12.63,12.4,12.4,0,51.7,668,0.01758,0.06171,0.06545,0.09911,0.07854,0.02992,0.02057,0.05049,0.05049,0.07293,0.02805,4.067,20.3,0.32,0.21,7.3,91,19,0.19,,0,3.5,3.5,0,2.62,,0.019,0.053,0.481,0,0,0.14,0,,,2.212,,,,,0.1,12.12,14.88,,12.65,2.227,,1,1,347.7,
chocolate_bar,frida,675,A,"Chocolate, milk",545.4,7.1,31.67,57.78,59.5,52.1,0.4,1.3,127,0.0727,0.2045,0.3522,0.6475,0.5566,0.159,0.03181,0.3408,0.2272,0.4771,0.1704,19.25,195.4,1.486,1.55,55,442,240,4.5,0.3667,17,107.5,100,0,0.25,0,0.085,0.4,1.612,0.035,7,0,0,0,3,0.08555,0,0,,,2.9,9.461,1.063,0.216,0.9775,0.08555,,1,1,545.4,
crisps,frida,839,A,Potato crisps,532.3,5.4,31.87,54.28,0.7,0,3.4,1.333,606.3,0.07776,0.2074,0.2246,0.3283,0.2938,0.0864,0.06912,0.2333,0.1642,0.2765,0.1037,13.65,24,1.38,1.01,60,1050,148,2.3,0.26,0,0,0,0,6.1,,0.39,0.083,6.596,0.48,82,0,38.4,,,0,,,,,44.2,13.13,3.008,0,3.008,0,,1,1,532.3,
ice_cream,usda_sr,167575,A,"Ice creams, vanilla",207,3.5,11,23.6,21.22,,0.7,61,80,0.045,0.146,0.195,0.316,0.258,0.081,0.029,0.157,0.155,0.217,0.088,6.79,128,0.09,0.69,14,199,105,1.8,0.023,,119.2,116,0.2,0.3,0.3,0.041,0.24,0.866,0.048,5,0.39,0.6,,,0.175,0.003,0,,,,2.969,0.452,,0.275,0.178,,1,1,206,
cake,frida,281,B,"Plain cake, average values",423.8,4.551,20.16,55.38,35.93,36,1.321,17.25,384.2,0.05509,0.1677,0.2395,0.3752,0.2156,0.1038,0.08782,0.2555,0.1198,0.2714,0.1118,5.706,46,1.27,0.428,14,132,117,3.8,0.084,8.5,129.3,126,0.7,0.5,0,0.046,0.0655,1.328,0.047,7.3,0,0,,1,0.8,0,0,,,17.2,8.313,4.45,0.2784,3.65,0.8,,1,1,423.8,
whey_protein,label,,C,,,,,,,,,,,,,,,,,,,,,,,,,,,,,,,,,,,,,,,,,,,,,,,,,,,,,,,,,,1,1,,PENDING label values
pea_protein,label,,C,,,,,,,,,,,,,,,,,,,,,,,,,,,,,,,,,,,,,,,,,,,,,,,,,,,,,,,,,,1,1,,PENDING label values
mass_gainer,label,,C,,,,,,,,,,,,,,,,,,,,,,,,,,,,,,,,,,,,,,,,,,,,,,,,,,,,,,,,,,1,1,,PENDING label values
maltodextrin,label,,C,,,,,,,,,,,,,,,,,,,,,,,,,,,,,,,,,,,,,,,,,,,,,,,,,,,,,,,,,,1,1,,PENDING label values
