food_id,price_source,csp_eur_per_kg,csp_lo,csp_hi,csp_months,csp_period,own_eur_per_kg,own_p25,own_p75,own_n_obs,own_n_shops,own_n_products,own_collected,eur_per_kg_purchased,eur_per_kg_edible,band_lo_edible,band_hi_edible,edible_portion,price_grade
rice_white,csp,2.669,2.55,2.75,12,2025M09–2026M08,3.015,2.39,3.637,28,6,18,2026-10-06,2.669,2.669,2.55,2.75,1,A
rice_brown,own,,,,,,3.4,2.98,3.725,25,8,14,2026-10-06,3.4,3.4,2.98,3.725,1,A
oats_flaked,csp,2.663,2.56,2.77,12,2025M09–2026M08,1.848,1.766,2.52,28,7,18,2026-10-06,2.663,2.663,2.56,2.77,1,A
buckwheat,csp,2.823,2.71,2.9,12,2025M09–2026M08,,,,,,,,2.823,2.823,2.71,2.9,1,A
barley_groats,csp,1.478,1.37,1.52,12,2025M09–2026M08,,,,,,,,1.478,1.478,1.37,1.52,1,A
semolina,csp,1.821,1.75,1.88,12,2025M09–2026M08,,,,,,,,1.821,1.821,1.75,1.88,1,A
millet,own,,,,,,2.49,2.206,3.38,11,5,7,2026-10-06,2.49,2.49,2.206,3.38,1,A
bulgur,own,,,,,,3.975,3.642,4.78,14,6,8,2026-10-06,3.975,3.975,3.642,4.78,1,A
couscous,own,,,,,,4.04,3.387,4.777,15,6,11,2026-10-06,4.04,4.04,3.387,4.777,1,A
pasta_wheat,csp,3.012,2.94,3.14,12,2025M09–2026M08,2.58,2.48,4.38,25,6,18,2026-10-06,3.012,3.012,2.94,3.14,1,A
cornflakes,csp,10.63,9.52,10.96,12,2025M09–2026M08,,,,,,,,10.63,10.63,9.52,10.96,1,A
muesli,own,,,,,,8.725,6.565,9.978,30,5,19,2026-10-06,8.725,8.725,6.565,9.978,1,A
bread_rye,csp,2.998,2.8,3.09,12,2025M09–2026M08,,,,,,,,2.998,2.998,2.8,3.09,1,A
bread_rye_fine,csp,3.264,3.09,3.42,12,2025M09–2026M08,,,,,,,,3.264,3.264,3.09,3.42,1,A
bread_rye_wheat,csp,1.871,1.73,1.93,12,2025M09–2026M08,,,,,,,,1.871,1.871,1.73,1.93,1,A
bread_wheat,csp,2.913,2.63,3.06,12,2025M09–2026M08,,,,,,,,2.913,2.913,2.63,3.06,1,A
bread_grain,csp,3.602,3.38,3.77,12,2025M09–2026M08,,,,,,,,3.602,3.602,3.38,3.77,1,A
bread_toast,csp,3.124,2.99,3.29,12,2025M09–2026M08,,,,,,,,3.124,3.124,2.99,3.29,1,A
crispbread,own,,,,,,4.127,3.486,4.768,2,1,2,2026-10-06,4.127,4.127,3.486,4.768,1,B
potatoes,csp,0.6992,0.61,0.84,12,2025M09–2026M08,,,,,,,,0.6992,0.9322,0.8133,1.12,0.75,A
sweet_potato,own,,,,,,2.39,2.39,2.39,2,2,1,2026-10-06,2.39,3.319,3.319,3.319,0.72,B
fries_frozen,csp,4.004,3.95,4.05,12,2025M09–2026M08,,,,,,,,4.004,4.004,3.95,4.05,1,A
beans_dried,csp,3.611,3.53,3.65,12,2025M09–2026M08,,,,,,,,3.611,3.611,3.53,3.65,1,A
lentils_red,own,,,,,,3.78,3.322,3.78,9,5,7,2026-10-06,3.78,3.78,3.322,3.78,1,A
lentils_green,own,,,,,,5.857,4.541,6.421,8,3,6,2026-10-06,5.857,5.857,4.541,6.421,1,A
peas_split,own,,,,,,0.9375,0.9375,1.436,8,4,8,2026-10-06,0.9375,0.9375,0.9375,1.436,1,A
peas_grey,own,,,,,,2.49,1.94,3.015,4,4,2,2026-10-06,2.49,2.49,1.94,3.015,1,A
chickpeas_dried,own,,,,,,3.38,3.151,3.84,7,5,5,2026-10-06,3.38,3.38,3.151,3.84,1,A
beans_canned,own,,,,,,3.917,2.729,5.586,19,6,18,2026-10-06,3.917,3.917,2.729,5.586,1,A
chickpeas_canned,own,,,,,,4.315,3.59,7.292,19,6,16,2026-10-06,4.315,4.315,3.59,7.292,1,A
peas_canned,csp,6.153,5.967,6.333,12,2025M09–2026M08,,,,,,,,6.153,6.153,5.967,6.333,1,A
tofu,own,,,,,,8.577,6.611,12.92,10,3,6,2026-10-06,8.577,8.577,6.611,12.92,1,A
soy_chunks,own,,,,,,20.36,19.39,23.27,5,4,4,2026-10-06,20.36,20.36,19.39,23.27,1,A
soy_drink,own,,,,,,,,,,,,,,,,,1,
chicken_fillet,csp,7.982,7.3,8.39,12,2025M09–2026M08,7.38,6.979,8.297,18,5,15,2026-10-06,7.982,7.982,7.3,8.39,1,A
chicken_legs,csp,4.153,3.8,4.26,12,2025M09–2026M08,,,,,,,,4.153,5.689,5.205,5.836,0.73,A
chicken_whole,csp,4.078,3.78,4.3,12,2025M09–2026M08,,,,,,,,4.078,5.998,5.559,6.324,0.68,A
chicken_thigh_fillet,own,,,,,,8.082,6.185,8.225,3,2,3,2026-10-06,8.082,8.082,6.185,8.225,1,A
turkey_fillet,own,,,,,,12.43,12.17,12.68,2,2,2,2026-10-06,12.43,12.43,12.17,12.68,1,B
chicken_liver,own,,,,,,,,,,,,,,,,,1,
pork_boneless,csp,6.387,5.97,6.62,12,2025M09–2026M08,,,,,,,,6.387,6.387,5.97,6.62,1,A
pork_bone,csp,6.458,6.19,6.65,12,2025M09–2026M08,,,,,,,,6.458,8.611,8.253,8.867,0.75,A
pork_minced,csp,5.785,5.6,5.97,8,2025M09–2026M08,,,,,,,,5.785,5.785,5.6,5.97,1,A
meat_minced_mixed,csp,6.672,6.12,6.89,12,2025M09–2026M08,,,,,,,,6.672,6.672,6.12,6.89,1,A
beef_minced,csp,10.55,10.25,11.02,12,2025M09–2026M08,,,,,,,,10.55,10.55,10.25,11.02,1,A
beef_bone,csp,10.54,10.28,10.75,12,2025M09–2026M08,,,,,,,,10.54,13.34,13.01,13.61,0.79,A
beef_steak,own,,,,,,37.16,33.45,41.62,18,4,18,2026-10-06,37.16,37.16,33.45,41.62,1,A
sausage_boiled,csp,8.952,8.47,9.67,12,2025M09–2026M08,,,,,,,,8.952,8.952,8.47,9.67,1,A
sausages_small,csp,8.143,7.94,8.4,12,2025M09–2026M08,,,,,,,,8.143,8.143,7.94,8.4,1,A
sausage_smoked,csp,8.582,8.32,9.03,12,2025M09–2026M08,,,,,,,,8.582,8.582,8.32,9.03,1,A
canned_stewed_meat,csp,8.46,8.04,8.88,12,2025M09–2026M08,,,,,,,,8.46,8.46,8.04,8.88,1,A
smoked_chicken,csp,8.79,7.92,9.18,12,2025M09–2026M08,,,,,,,,8.79,12.93,11.65,13.5,0.68,A
pelmeni,csp,5.551,5.39,5.74,12,2025M09–2026M08,,,,,,,,5.551,5.551,5.39,5.74,1,A
salmon_fillet,csp,20.57,19.68,21.55,8,2025M09–2026M08,,,,,,,,20.57,20.57,19.68,21.55,1,A
whitefish_fillet_frozen,csp,10.23,9.42,12.03,8,2025M09–2026M08,,,,,,,,10.23,10.23,9.42,12.03,1,A
fish_fillet_frozen,csp,13.09,12.01,13.61,4,2025M09–2026M08,,,,,,,,13.09,13.09,12.01,13.61,1,A
mackerel_smoked,csp,13.73,11.33,15.43,12,2025M09–2026M08,,,,,,,,13.73,21.12,17.43,23.74,0.65,A
herring_rolls,csp,8.079,7.83,8.32,12,2025M09–2026M08,,,,,,,,8.079,8.079,7.83,8.32,1,A
sprats_in_oil,csp,19.5,18.65,19.94,12,2025M09–2026M08,,,,,,,,19.5,19.5,18.65,19.94,1,A
tuna_canned,own,,,,,,18.55,11.62,29.12,29,8,19,2026-10-06,18.55,18.55,11.62,29.12,1,A
carp,csp,7.873,7.22,8.34,12,2025M09–2026M08,,,,,,,,7.873,17.5,16.04,18.53,0.45,A
eggs,csp,5.332,5.103,5.586,12,2025M09–2026M08,,,,,,,,5.332,6.059,5.799,6.348,0.88,A
milk,csp,1.1,0.9709,1.175,12,2025M09–2026M08,,,,,,,,1.1,1.1,0.9709,1.175,1,A
kefir,csp,1.348,1.25,1.41,12,2025M09–2026M08,,,,,,,,1.348,1.348,1.25,1.41,1,A
curd,csp,6.173,5.95,6.4,12,2025M09–2026M08,6.043,4.225,7.184,32,8,17,2026-10-06,6.173,6.173,5.95,6.4,1,A
cheese_hard,csp,11.58,11.08,12.11,12,2025M09–2026M08,,,,,,,,11.58,11.58,11.08,12.11,1,A
yogurt_plain,csp,3.537,3.46,3.67,12,2025M09–2026M08,,,,,,,,3.537,3.537,3.46,3.67,1,A
sour_cream,csp,4.942,4.83,5.1,12,2025M09–2026M08,,,,,,,,4.942,4.942,4.83,5.1,1,A
cream_35,csp,7.647,7.38,7.89,12,2025M09–2026M08,,,,,,,,7.647,7.647,7.38,7.89,1,A
cheese_processed,csp,10.51,10.1,10.95,12,2025M09–2026M08,,,,,,,,10.51,10.51,10.1,10.95,1,A
cheese_cream,csp,12.25,10.95,12.8,12,2025M09–2026M08,,,,,,,,12.25,12.25,10.95,12.8,1,A
skyr,own,,,,,,5.467,4.883,6.6,20,6,8,2026-10-06,5.467,5.467,4.883,6.6,1,A
cottage_cheese,own,,,,,,6.772,5.418,7.95,37,6,18,2026-10-06,6.772,6.772,5.418,7.95,1,A
curd_snack,csp,9.767,9.2,10.2,12,2025M09–2026M08,,,,,,,,9.767,9.767,9.2,10.2,1,A
peanuts,csp,5.436,5.18,5.56,12,2025M09–2026M08,,,,,,,,5.436,5.436,5.18,5.56,1,A
peanut_butter,own,,,,,,8.348,6.611,12.89,12,6,9,2026-10-06,8.348,8.348,6.611,12.89,1,A
sunflower_seeds,own,,,,,,,,,,,,,,,,,1,
pumpkin_seeds,own,,,,,,,,,,,,,,,,,1,
walnuts,own,,,,,,15.68,11.89,17.51,28,7,19,2026-10-06,15.68,15.68,11.89,17.51,1,A
almonds,own,,,,,,16.43,12.99,20.01,20,5,18,2026-10-06,16.43,16.43,12.99,20.01,1,A
hazelnuts,own,,,,,,24.92,19.58,28.62,19,6,16,2026-10-06,24.92,24.92,19.58,28.62,1,A
flaxseed,own,,,,,,,,,,,,,,,,,1,
bananas,csp,1.372,1.14,1.47,12,2025M09–2026M08,,,,,,,,1.372,2.143,1.781,2.297,0.64,A
apples,csp,1.773,1.62,2.1,12,2025M09–2026M08,,,,,,,,1.773,1.97,1.8,2.333,0.9,A
raisins,csp,9.235,8.76,9.56,12,2025M09–2026M08,,,,,,,,9.235,9.235,8.76,9.56,1,A
cabbage,csp,0.8667,0.76,1.02,12,2025M09–2026M08,,,,,,,,0.8667,1.083,0.95,1.275,0.8,A
carrots,csp,0.9592,0.78,1.22,12,2025M09–2026M08,,,,,,,,0.9592,1.078,0.8764,1.371,0.89,A
veg_frozen,csp,3.624,3.56,3.71,12,2025M09–2026M08,,,,,,,,3.624,3.624,3.56,3.71,1,A
sunflower_oil,csp,3.659,3.163,3.848,8,2025M09–2026M08,,,,,,,,3.659,3.659,3.163,3.848,1,A
rapeseed_oil,csp,3.622,3.344,3.781,8,2025M09–2026M08,,,,,,,,3.622,3.622,3.344,3.781,1,A
olive_oil,csp,18.6,16.95,21.36,12,2025M09–2026M08,,,,,,,,18.6,18.6,16.95,21.36,1,A
butter,csp,13.15,11.52,15.33,12,2025M09–2026M08,,,,,,,,13.15,13.15,11.52,15.33,1,A
margarine,csp,4.951,4.84,5.06,12,2025M09–2026M08,,,,,,,,4.951,4.951,4.84,5.06,1,A
wheat_flour,csp,1.138,1.06,1.19,12,2025M09–2026M08,,,,,,,,1.138,1.138,1.06,1.19,1,A
sugar,csp,0.9783,0.96,0.99,12,2025M09–2026M08,,,,,,,,0.9783,0.9783,0.96,0.99,1,A
honey,csp,11.7,11.39,11.91,12,2025M09–2026M08,,,,,,,,11.7,11.7,11.39,11.91,1,A
jam,csp,9.921,9.43,10.73,12,2025M09–2026M08,,,,,,,,9.921,9.921,9.43,10.73,1,A
mayonnaise,csp,5.403,5.21,5.56,12,2025M09–2026M08,,,,,,,,5.403,5.403,5.21,5.56,1,A
chocolate_bar,csp,23.08,22.17,24.17,12,2025M09–2026M08,,,,,,,,23.08,23.08,22.17,24.17,1,A
crisps,csp,16.58,15.47,17.73,12,2025M09–2026M08,,,,,,,,16.58,16.58,15.47,17.73,1,A
ice_cream,csp,9.795,9.4,10.07,12,2025M09–2026M08,,,,,,,,9.795,9.795,9.4,10.07,1,A
cake,csp,14.28,13.99,14.52,12,2025M09–2026M08,,,,,,,,14.28,14.28,13.99,14.52,1,A
whey_protein,own,,,,,,32.99,29.99,33.15,17,5,12,2026-10-06,32.99,32.99,29.99,33.15,1,A
pea_protein,own,,,,,,25.98,18.98,32.98,4,2,2,2026-10-06,25.98,25.98,18.98,32.98,1,A
mass_gainer,own,,,,,,,,,,,,,,,,,1,
maltodextrin,own,,,,,,,,,,,,,,,,,1,
