"Goods and services","2024M09","2024M10","2024M11","2024M12","2025M01","2025M02","2025M03","2025M04","2025M05","2025M06","2025M07","2025M08","2025M09","2025M10","2025M11","2025M12","2026M01","2026M02","2026M03","2026M04","2026M05","2026M06","2026M07","2026M08"
"Rice, 1 kg",2.64,2.69,2.69,2.64,2.64,2.70,2.73,2.72,2.74,2.69,2.65,2.66,2.73,2.74,2.72,2.68,2.75,2.75,2.68,2.59,2.65,2.62,2.55,2.57
"Barley groats, 1 kg",1.45,1.47,1.46,1.41,1.42,1.48,1.43,1.47,1.47,1.47,1.52,1.47,1.47,1.49,1.47,1.51,1.50,1.52,1.45,1.51,1.50,1.37,1.50,1.45
"Buckwheat, 1 kg",3.11,3.14,3.17,3.24,3.10,3.03,3.14,3.05,3.05,3.04,2.94,2.81,2.85,2.87,2.85,2.85,2.87,2.82,2.90,2.82,2.71,2.81,2.75,2.78
"Wheat flour, 1 kg",1.15,1.19,1.20,1.18,1.19,1.20,1.18,1.14,1.20,1.19,1.13,1.17,1.17,1.18,1.19,1.06,1.07,1.13,1.11,1.09,1.19,1.18,1.14,1.15
"Semolina, 1 kg",1.84,1.82,1.80,1.77,1.81,1.83,1.83,1.82,1.84,1.80,1.81,1.85,1.86,1.86,1.86,1.85,1.88,1.83,1.86,1.83,1.75,1.76,1.76,1.75
"Rye-wheat bread, 1kg",1.91,1.95,1.87,1.86,1.86,1.89,1.87,1.90,1.86,1.81,1.87,1.85,1.89,1.88,1.93,1.88,1.88,1.91,1.87,1.91,1.91,1.90,1.76,1.73
"Grain bread, 1 kg",3.50,3.56,3.62,3.55,3.55,3.62,3.49,3.78,3.51,3.64,3.64,3.66,3.77,3.63,3.62,3.71,3.63,3.55,3.60,3.62,3.64,3.64,3.43,3.38
"Wheat bread, 1 kg",2.95,3.16,3.12,3.10,3.02,3.06,3.12,3.05,3.14,2.94,2.97,3.05,2.93,2.97,3.00,3.01,2.99,3.06,2.88,2.91,2.93,2.93,2.71,2.63
"Toaster bread, 1 kg",3.06,3.11,3.04,3.09,3.14,3.09,3.11,3.26,3.18,3.17,3.17,3.02,2.99,3.03,3.28,3.11,3.05,3.08,3.29,3.11,3.23,3.24,3.07,3.01
"Fine rye bread, 1 kg",3.12,3.22,3.21,3.22,3.25,3.25,3.24,3.26,3.20,3.19,3.03,3.08,3.16,3.17,3.28,3.37,3.38,3.42,3.29,3.31,3.32,3.29,3.09,3.09
"Rye bread, 1 kg",2.95,2.88,2.84,3.00,2.86,2.97,2.96,2.98,2.95,2.91,2.93,2.96,2.97,3.04,3.00,3.04,3.09,3.06,3.00,3.07,3.05,3.02,2.83,2.80
"Cake, 1 kg",13.10,12.66,12.80,13.00,13.36,13.39,12.62,13.21,13.57,14.58,14.09,14.35,14.27,14.23,14.16,14.52,14.51,14.38,13.99,14.13,14.18,14.22,14.41,14.40
"Flaked oats, 1 kg",2.74,2.73,2.76,2.66,2.59,2.68,2.68,2.57,2.63,2.58,2.71,2.62,2.66,2.69,2.69,2.58,2.73,2.77,2.72,2.58,2.56,2.70,2.60,2.67
"Cornflakes, 250 g",2.47,2.59,2.53,2.51,2.61,2.55,2.56,2.59,2.60,2.60,2.51,2.62,2.60,2.74,2.57,2.38,2.74,2.65,2.70,2.73,2.71,2.68,2.66,2.74
"Pasta, 500 g",1.54,1.52,1.53,1.52,1.47,1.52,1.52,1.52,1.51,1.50,1.51,1.51,1.53,1.47,1.57,1.50,1.51,1.51,1.49,1.49,1.50,1.52,1.48,1.50
"Beef with bone, 1 kg",8.65,8.70,8.70,8.99,9.08,9.36,9.71,9.76,9.97,10.21,10.11,10.17,10.29,10.32,10.32,10.28,10.40,10.63,10.75,10.74,10.73,10.72,10.68,10.57
"Ground beef, 1 kg",…,…,…,…,7.54,7.67,8.62,8.72,9.30,9.39,9.86,10.15,10.36,10.32,10.25,10.32,10.77,10.66,10.59,10.71,10.40,10.74,11.02,10.49
"Pork with bone, 1 kg",6.25,6.17,6.20,6.12,6.18,6.17,6.00,6.09,6.22,6.40,6.38,6.51,6.59,6.52,6.49,6.41,6.45,6.43,6.19,6.50,6.65,6.60,6.35,6.32
"Pork without bone, 1 kg",6.57,6.65,6.58,6.71,6.64,6.56,6.42,6.42,6.74,6.92,6.64,6.64,6.62,6.49,6.41,6.44,6.58,6.42,6.27,6.47,6.27,6.36,5.97,6.35
"Minced pork, 1 kg",…,…,…,…,…,…,…,…,…,…,…,…,…,…,…,…,5.97,5.91,5.67,5.69,5.93,5.72,5.60,5.79
"Chicken, 1 kg",3.57,3.63,3.68,3.73,3.71,3.64,3.87,4.05,4.02,4.12,4.07,4.29,4.29,4.30,4.08,4.20,4.02,3.93,4.21,4.05,4.14,4.13,3.81,3.78
"Chicken legs, 1 kg",3.46,3.49,3.59,3.45,3.53,3.53,3.70,3.87,3.89,4.01,4.24,4.19,4.25,4.24,4.23,4.23,4.22,4.24,4.11,4.22,4.26,4.20,3.80,3.84
"Chicken fillet, 1 kg",6.73,6.95,6.90,6.91,6.99,7.22,7.12,7.75,7.97,7.94,8.10,8.04,8.39,8.38,8.30,8.02,8.22,7.93,7.89,7.73,8.07,8.07,7.48,7.30
"Dried or smoked pork, 1 kg",9.94,9.81,9.87,10.02,10.19,9.77,10.21,10.00,10.40,10.08,10.35,10.02,10.22,10.37,10.53,10.03,10.36,10.23,10.48,10.21,10.28,10.31,10.35,10.24
"Smoked chicken, 1 kg",8.50,8.91,8.68,8.76,9.04,8.57,8.70,9.00,8.99,8.77,9.02,9.29,9.18,8.73,9.02,9.12,9.03,8.94,8.81,7.92,8.76,8.69,8.69,8.59
"Sausage boiled, 1 kg",9.26,9.01,8.80,8.60,9.22,8.87,9.16,9.09,9.23,9.21,9.60,9.44,9.67,9.30,9.32,9.03,8.94,8.68,8.83,8.74,9.03,8.89,8.47,8.53
"Sausages, small, 1 kg",7.76,8.10,8.02,7.67,8.12,7.88,8.21,7.99,8.10,8.10,8.18,8.16,8.18,8.40,8.15,8.13,8.22,8.07,8.26,8.12,8.11,8.05,8.09,7.94
"Sausage, smoked, 1 kg",9.11,9.26,9.26,8.89,9.19,9.17,9.11,9.21,9.25,9.19,8.88,8.81,8.95,9.03,8.59,8.32,8.61,8.43,8.39,8.47,8.47,8.62,8.53,8.57
"Sausage, cold smoked, 1 kg",13.53,13.32,13.46,13.59,13.17,13.39,13.44,13.56,13.74,13.91,13.79,13.79,13.73,13.84,13.19,14.00,13.51,12.83,13.29,13.05,13.50,13.25,13.17,12.95
"Canned stewed meat, 250 g",1.87,2.08,2.10,2.04,2.06,2.13,2.05,2.00,2.02,2.04,1.99,2.09,2.11,2.10,2.11,2.10,2.11,2.06,2.01,2.08,2.11,2.22,2.22,2.15
"Minced meat, 1 kg",6.01,6.00,5.85,6.25,6.36,6.37,6.56,6.64,6.89,6.82,6.69,6.93,6.85,6.84,6.70,6.52,6.86,6.70,6.81,6.89,6.78,6.62,6.38,6.12
"Marinated meat, 1 kg",8.35,8.86,9.13,8.86,8.77,8.87,8.55,8.96,8.69,8.38,8.43,8.07,8.25,8.00,8.49,8.12,8.15,7.56,8.24,8.25,7.77,7.91,7.60,7.66
"Carp, fresh or chilled, 1 kg",7.48,8.16,7.72,7.27,7.97,7.19,7.48,7.51,7.06,7.78,7.76,7.90,7.90,7.83,7.22,7.43,7.57,7.94,7.92,8.01,8.20,8.20,8.34,7.92
"Freshwater fish fillet, frozen, kg",…,…,…,…,…,…,…,…,…,…,…,…,…,…,…,…,10.57,10.67,10.68,10.66,10.84,10.79,10.79,10.43
"Salmon, chilled, 1 kg",9.93,10.75,10.26,10.34,11.73,11.10,10.96,10.85,11.73,12.04,9.93,8.95,8.57,9.95,10.16,10.63,10.95,11.07,11.51,11.90,12.07,10.42,10.24,11.02
"Salmon fillet, 1 kg",…,…,…,…,…,…,…,…,…,…,…,…,…,…,…,…,20.19,20.19,21.38,20.66,21.55,20.34,19.68,20.58
"Gadiformes fillet, frozen, kg ",…,…,…,…,…,…,…,…,…,…,…,…,…,…,…,…,12.03,11.13,10.19,9.94,9.76,9.68,9.70,9.42
"Frozen fish fillet, 1 kg",13.17,13.16,13.29,13.29,13.23,13.22,12.98,12.95,13.44,13.47,13.76,13.77,13.35,13.41,13.61,12.01,…,…,…,…,…,…,…,…
"Mackerel, smoked, 1 kg",10.36,10.31,10.47,10.70,10.59,10.99,10.96,10.83,10.97,10.98,11.09,11.39,11.33,11.46,12.19,13.12,13.00,14.37,14.89,14.69,14.36,14.66,15.43,15.26
"Herring rolls, 1 kg",7.61,7.71,7.52,7.76,7.71,7.76,7.83,7.92,8.07,7.93,7.95,7.97,7.93,8.15,8.14,8.06,8.03,8.21,8.03,7.83,8.15,8.04,8.32,8.06
"Sprats in oil, 240 g",2.84,2.85,2.88,2.97,2.97,3.01,3.01,3.16,3.19,3.23,3.30,3.41,3.39,3.38,3.17,3.31,3.30,3.34,3.27,3.27,3.36,3.25,3.37,3.36
"Shrimp, frozen, 500 g",14.20,13.91,14.33,14.17,14.16,14.38,14.40,13.71,13.82,13.48,14.05,13.91,13.96,13.59,13.84,13.57,14.53,14.13,14.58,14.63,14.47,14.58,14.58,14.38
"Milk, 1 l",1.15,1.17,1.17,1.20,1.21,1.21,1.20,1.24,1.24,1.23,1.21,1.18,1.20,1.21,1.18,1.19,1.19,1.13,1.12,1.10,1.11,1.15,1.00,1.01
"Cream 35%, 1 kg",7.08,7.42,7.78,7.75,7.80,7.83,8.05,7.96,8.10,8.03,7.87,8.03,7.84,7.83,7.89,7.80,7.70,7.41,7.63,7.62,7.57,7.59,7.38,7.51
"Curd, 1 kg",6.16,6.16,6.19,6.41,6.41,6.42,6.51,6.52,6.59,6.44,6.27,6.41,6.25,6.15,6.21,6.40,6.14,6.25,5.95,6.12,6.15,6.32,6.09,6.05
"Cheese, 1 kg",11.91,12.23,11.96,12.23,12.52,12.12,12.40,12.33,11.99,11.78,11.92,12.33,11.56,12.11,11.55,11.91,11.87,11.53,11.33,11.55,11.51,11.38,11.57,11.08
"Processed cheese, 200 g",2.09,2.08,2.05,2.05,2.13,2.16,2.17,2.20,2.12,2.15,2.18,2.12,2.15,2.14,2.09,2.10,2.14,2.19,2.03,2.07,2.10,2.13,2.07,2.02
"Cream cheese, 200 g",…,…,…,…,2.48,2.49,2.50,2.61,2.59,2.53,2.48,2.40,2.56,2.53,2.46,2.51,2.52,2.51,2.40,2.47,2.40,2.49,2.37,2.19
"Camembert cheese, 1 kg",…,…,…,…,16.68,16.54,17.25,17.68,17.31,16.72,16.59,15.90,16.71,16.64,16.56,16.59,16.74,16.89,16.94,17.25,16.48,16.37,17.11,16.90
"Yoghurt, 1 kg",3.09,3.15,3.18,3.24,3.23,3.15,3.26,3.28,3.20,3.22,3.15,3.24,3.26,3.29,3.33,3.30,3.35,3.31,3.35,3.25,3.19,3.17,3.31,3.17
"Yoghurt drink, 100 g",…,…,…,…,0.50,0.50,0.55,0.52,0.55,0.53,0.52,0.51,0.52,0.52,0.50,0.51,0.52,0.51,0.53,0.52,0.54,0.54,0.55,0.51
"Plain yoghurt, 1 kg",…,…,…,…,3.82,3.83,3.87,3.87,3.83,3.91,3.74,3.59,3.67,3.62,3.52,3.58,3.56,3.49,3.51,3.50,3.51,3.55,3.47,3.46
"Sour cream, 1 kg",4.88,4.98,5.06,4.95,5.14,5.20,5.12,4.90,5.11,4.89,4.89,5.04,4.97,5.10,5.01,4.87,4.89,4.88,4.94,5.10,4.87,4.96,4.89,4.83
"Kefir, 1 kg",1.35,1.34,1.35,1.40,1.42,1.41,1.42,1.44,1.40,1.43,1.38,1.40,1.39,1.39,1.36,1.41,1.38,1.40,1.33,1.34,1.35,1.29,1.25,1.29
"Sweet curd snack, 50 g",0.49,0.50,0.50,0.48,0.51,0.48,0.49,0.51,0.50,0.48,0.50,0.49,0.51,0.49,0.48,0.46,0.50,0.49,0.49,0.49,0.47,0.49,0.49,0.50
"Eggs, 10 pcs",2.51,2.48,2.52,2.62,2.62,2.60,2.71,2.97,3.03,2.97,2.99,3.00,3.02,3.03,3.07,3.09,3.10,3.12,3.19,3.09,3.24,3.23,2.97,2.96
"Sunflower oil, 1 l",…,…,…,…,…,…,…,…,…,…,…,…,…,…,…,…,3.54,3.49,3.52,3.41,3.37,3.38,3.31,2.91
"Olive oil, 1 l",20.95,21.39,21.05,21.42,21.42,21.14,20.56,20.23,21.26,20.68,20.23,20.23,19.54,18.69,18.90,18.50,17.36,16.04,15.58,15.63,16.58,15.51,16.01,15.86
"Rapeseed oil, 1 l",…,…,…,…,…,…,…,…,…,…,…,…,…,…,…,…,3.26,3.46,3.44,3.06,3.29,3.43,3.28,3.29
"Butter, 1 kg",12.68,13.50,14.23,15.09,15.36,15.38,15.36,15.38,15.33,14.84,14.81,14.84,15.33,15.08,14.72,13.70,13.52,12.15,12.87,12.02,12.76,12.09,12.03,11.52
"Margarine, 1 kg",4.53,4.51,4.46,4.47,4.59,4.30,4.83,4.82,4.81,5.00,5.09,4.83,5.00,4.92,4.96,4.84,5.03,4.91,5.06,4.89,4.92,5.02,4.92,4.94
"Vegetable oil, 1 l",3.17,3.19,3.11,3.32,3.42,3.63,3.63,3.75,3.65,3.58,3.41,3.36,3.44,3.21,3.34,3.40,…,…,…,…,…,…,…,…
"Avocados, 1 piece",0.99,0.91,0.92,0.95,0.92,0.96,0.95,0.98,0.96,0.94,0.90,0.91,0.86,0.99,0.92,0.79,0.87,0.91,0.89,0.75,0.74,0.80,0.86,0.93
"Bananas, 1 kg",1.57,1.52,1.40,1.52,1.44,1.68,1.78,1.92,1.76,1.57,1.58,1.39,1.45,1.47,1.43,1.30,1.38,1.43,1.44,1.44,1.38,1.36,1.24,1.14
"Lemons, 1 kg",2.76,2.84,2.30,2.43,2.35,2.41,2.39,2.59,2.69,2.87,2.86,3.10,3.17,2.92,3.03,2.99,2.98,3.01,3.00,3.03,3.16,3.33,3.14,2.72
"Oranges, 1 kg",2.27,2.39,2.27,2.20,2.16,1.94,2.07,2.04,1.97,2.18,2.21,2.15,2.20,2.13,2.14,2.27,2.26,2.30,2.07,1.96,2.06,2.18,2.01,2.09
"Apples, 1 kg",1.55,1.51,1.53,1.60,1.51,1.64,1.60,1.63,1.72,1.84,2.05,2.17,2.10,1.96,1.88,1.80,1.68,1.72,1.71,1.62,1.73,1.71,1.70,1.67
"Pears, 1 kg",1.81,1.87,1.89,1.97,2.02,2.03,2.08,2.16,2.33,2.49,2.59,2.69,2.33,2.14,2.14,2.21,2.00,2.09,2.04,1.87,1.97,2.15,2.22,2.24
"Strawberries, 1 kg",…,…,…,…,6.96,7.06,7.28,7.33,6.59,6.48,7.46,7.07,6.92,7.01,6.85,6.69,6.64,6.85,6.89,7.10,7.23,7.13,7.23,7.32
"Blueberries, 1 kg",16.68,18.94,18.17,14.53,14.15,14.32,16.54,17.74,14.66,14.11,14.60,14.34,14.79,17.40,16.74,13.86,12.67,14.03,18.91,16.91,15.43,12.16,11.94,9.84
"Grapes, 1 kg",4.10,4.35,5.29,6.16,6.20,5.59,5.42,4.83,5.24,5.35,5.17,5.20,3.97,4.26,4.17,4.42,4.82,4.81,4.60,4.52,4.93,4.58,4.84,4.27
"Kiwi fruit, 1 kg",4.80,4.41,3.50,3.36,3.57,3.58,3.71,3.80,4.74,4.78,4.88,4.93,5.22,4.64,3.76,3.78,3.31,3.79,3.63,3.61,3.82,4.40,4.09,4.23
"Melons, 1 kg",2.10,2.27,2.20,2.17,2.74,2.59,2.41,2.70,2.92,2.51,2.59,2.28,2.19,2.35,2.21,2.10,1.95,2.19,2.33,2.51,2.65,2.68,2.41,2.03
"Raisins, 1 kg",7.30,7.31,7.60,7.43,7.55,7.58,7.96,7.97,8.25,8.58,8.44,8.69,8.85,8.76,8.79,9.13,9.25,9.56,9.55,9.11,9.35,9.49,9.43,9.55
"Peanuts, 1 kg",5.03,5.04,5.08,5.06,5.07,4.97,5.28,5.14,5.19,5.44,5.52,5.48,5.18,5.50,5.54,5.56,5.56,5.52,5.43,5.35,5.38,5.43,5.50,5.28
"Canned fruit, 1 kg",3.47,3.50,3.42,3.49,3.44,3.44,3.30,3.41,3.29,3.44,3.42,3.52,3.38,3.43,3.52,3.49,3.55,3.50,3.49,3.35,3.51,3.47,3.34,3.50
"Cabbage, 1 kg",0.87,0.89,0.91,0.89,0.89,0.98,1.02,1.17,1.42,1.51,1.36,1.11,0.92,0.85,0.79,0.85,0.83,0.81,0.77,0.76,0.90,0.93,1.02,0.97
"Chinese cabbage, 1 kg",2.40,1.89,1.75,1.68,1.62,1.88,1.91,2.26,2.34,1.69,1.48,1.59,1.70,1.94,1.74,1.54,1.68,2.02,1.96,2.25,2.08,1.85,1.66,1.56
"Sweet pepper, 1 kg",2.45,3.09,3.30,3.38,3.69,4.17,5.01,5.32,3.50,3.27,3.19,2.77,2.82,3.01,3.64,4.28,4.49,5.17,5.09,5.10,3.77,3.81,3.74,3.38
"Cucumbers, 1 kg",2.88,3.32,3.37,3.20,3.68,4.03,4.77,4.19,3.23,2.64,2.48,2.54,2.60,3.03,3.84,4.13,4.47,4.91,5.20,4.21,3.25,3.05,2.69,2.41
"Tomatoes, 1 kg",2.18,2.96,3.30,3.04,2.93,3.12,3.18,3.10,2.66,2.53,2.35,2.16,2.43,2.65,2.99,2.83,3.11,3.41,3.53,4.39,3.10,2.67,2.24,2.42
"Squash/zucchini, 1 kg",1.35,3.13,3.15,3.03,3.11,3.08,2.95,2.40,2.00,1.91,1.82,1.38,1.55,2.23,2.26,2.54,2.88,4.49,3.74,2.85,2.69,2.36,1.69,1.21
"Pumpkins, 1 kg",1.55,1.43,1.49,1.43,1.28,1.38,1.39,1.56,1.89,1.95,2.69,2.36,1.69,1.71,1.60,1.36,1.50,1.74,1.90,1.94,2.04,1.90,1.94,1.95
"Carrots, 1 kg",0.97,0.93,0.97,1.01,0.96,1.03,1.02,0.98,1.02,1.09,1.08,1.03,0.85,0.83,0.84,0.78,0.85,0.82,0.89,0.96,1.16,1.22,1.22,1.09
"Garlic, 1 kg",6.06,6.21,6.22,6.23,6.12,6.29,6.46,6.30,6.14,6.45,6.36,6.11,6.31,6.50,6.42,6.47,6.28,6.23,6.14,6.09,6.10,5.86,5.62,5.63
"Onions, 1 kg",0.92,0.89,0.86,0.92,0.88,0.91,0.91,0.92,1.01,1.07,1.08,1.06,0.95,0.85,0.82,0.80,0.87,0.85,0.88,0.86,0.90,0.85,0.90,0.93
"Spring onions, 1 kg",13.29,13.20,13.53,13.81,13.56,13.62,13.27,12.81,12.35,12.42,12.36,12.53,14.03,14.13,14.15,13.94,14.10,15.46,15.10,14.25,13.72,13.63,14.03,14.09
"Potatoes, 1 kg",0.78,0.72,0.74,0.74,0.74,0.79,0.75,0.79,0.85,0.88,0.97,0.86,0.75,0.73,0.68,0.67,0.68,0.66,0.65,0.61,0.68,0.71,0.84,0.73
"Dried beans, 1 kg",3.68,3.64,3.58,3.60,3.60,3.55,3.47,3.48,3.45,3.42,3.49,3.55,3.61,3.57,3.59,3.60,3.53,3.62,3.60,3.65,3.64,3.64,3.64,3.64
"Frozen vegetables , 1 kg",3.60,3.55,3.56,3.52,3.57,3.59,3.51,3.56,3.65,3.64,3.61,3.66,3.56,3.56,3.66,3.70,3.63,3.64,3.56,3.58,3.66,3.71,3.65,3.58
"Canned green peas, 500 g",1.81,1.80,1.80,1.84,1.86,1.85,1.91,1.78,1.88,1.84,1.88,1.81,1.84,1.89,1.81,1.87,1.90,1.83,1.87,1.79,1.84,1.86,1.85,1.80
"Canned sweet corn, 500 g",2.27,2.19,2.26,2.23,2.25,2.22,2.30,2.16,2.31,2.23,2.24,2.15,2.25,2.22,2.25,2.16,2.17,2.16,2.12,2.05,2.12,2.10,2.06,2.13
"Canned pickled cucumbers, 1 kg",3.31,3.23,3.26,3.27,3.23,3.35,3.33,3.31,3.19,3.32,3.30,3.31,3.31,3.24,3.32,3.36,3.24,3.33,3.26,3.23,3.23,3.21,3.20,3.08
"Pickled beetroots, 1 kg",3.50,3.54,3.62,3.49,3.61,3.49,3.47,3.54,3.58,3.39,3.41,3.51,3.52,3.44,3.46,3.52,3.55,3.58,3.57,3.55,3.38,3.27,3.50,3.52
"Frozen fries, 1 kg",4.04,4.02,3.99,3.85,4.11,3.96,4.06,3.99,4.03,3.99,4.07,4.04,4.03,4.01,3.95,4.02,3.95,4.04,4.05,4.03,4.02,4.05,3.95,3.95
"Crisps, 75 g",1.24,1.24,1.20,1.25,1.17,1.22,1.22,1.23,1.28,1.28,1.25,1.25,1.26,1.25,1.21,1.31,1.33,1.23,1.30,1.20,1.25,1.16,1.24,1.18
"Sugar, 1 kg",1.14,1.08,1.04,1.01,1.01,1.04,1.02,1.03,1.02,1.01,0.99,0.99,0.98,0.98,0.98,0.98,0.98,0.99,0.98,0.98,0.97,0.96,0.98,0.98
"Honey, 1 kg",11.49,11.32,11.49,11.28,11.32,11.43,11.45,11.52,11.40,11.60,11.58,11.63,11.46,11.51,11.39,11.91,11.64,11.90,11.82,11.88,11.65,11.80,11.79,11.70
"Jam, 1 kg",9.40,9.54,9.48,9.33,9.48,9.70,9.70,9.80,9.76,9.60,9.52,9.76,9.54,9.57,9.62,9.73,9.43,9.53,9.64,9.84,10.30,10.59,10.53,10.73
"Chocolates candies, 1 kg",16.92,17.85,17.14,17.61,17.96,17.30,19.76,19.44,19.13,19.02,18.45,19.39,19.02,18.62,17.94,18.85,17.67,17.32,16.93,17.60,16.93,17.64,17.09,17.31
"Chocolate bar (>50% cocoa), 100 g",2.39,2.46,2.51,2.51,2.61,2.85,3.15,3.31,3.13,3.07,3.08,3.02,2.98,2.99,3.10,2.93,3.04,2.99,2.87,3.05,3.15,3.06,3.18,2.89
"Chocolate bar, 60 g",1.19,1.18,1.22,1.20,1.23,1.21,1.21,1.29,1.38,1.36,1.36,1.33,1.42,1.40,1.34,1.33,1.37,1.38,1.39,1.40,1.39,1.45,1.38,1.37
"Ice cream, large package, 1000 ml",5.06,5.36,5.19,5.47,5.32,5.36,5.34,5.38,5.50,5.42,5.39,5.59,5.45,5.42,5.28,5.47,5.42,5.41,5.54,5.37,5.17,5.38,5.32,5.42
"Ice cream, small package, 1000 ml",11.09,11.33,10.98,11.03,11.19,11.23,11.34,11.45,11.44,11.21,11.43,11.28,11.37,11.74,11.24,11.47,11.59,11.52,11.67,11.80,10.91,10.96,11.24,11.18
"Meat dumplings, 1 kg",5.45,5.46,5.50,5.54,5.17,5.39,5.37,5.54,5.54,5.52,5.48,5.59,5.53,5.49,5.50,5.55,5.57,5.58,5.64,5.74,5.42,5.63,5.39,5.57
"Coarse salt, 1 kg",1.18,1.21,1.22,1.21,1.21,1.22,1.22,1.22,1.21,1.18,1.17,1.17,1.16,1.14,1.18,1.18,1.16,1.14,1.16,1.09,1.09,1.11,1.12,1.13
"Tomato sauce, 1 kg",4.73,4.76,4.76,4.73,4.74,4.63,4.65,4.65,4.52,4.69,4.67,4.66,4.66,4.72,4.58,4.77,4.67,4.77,4.76,4.83,4.80,4.75,4.80,4.83
"Mustard, 1 kg",7.12,7.32,7.32,7.42,7.44,7.28,7.37,7.40,7.48,7.10,7.25,7.36,7.23,7.17,7.27,7.28,7.29,6.98,7.21,7.24,7.38,7.25,7.40,7.13
"Mayonnaise, 1 kg",5.23,5.27,5.28,5.37,5.34,5.35,5.16,5.35,5.17,5.20,5.19,5.29,5.33,5.37,5.36,5.35,5.42,5.44,5.35,5.21,5.43,5.56,5.51,5.51
"Dill, 1 kg",24.79,24.64,24.68,24.67,25.13,25.33,24.75,24.49,23.59,23.36,24.41,25.13,25.05,24.78,25.04,23.21,22.81,21.63,21.79,20.64,20.45,20.18,19.95,21.25
"Mixed seasonings, 250 g",2.31,2.33,2.38,2.38,2.34,2.39,2.39,2.40,2.33,2.48,2.47,2.51,2.57,2.59,2.65,2.60,2.55,2.67,2.64,2.66,2.66,2.56,2.58,2.51
"Fruit and vegetable juices, 1 l",1.96,1.98,1.96,1.95,1.93,2.03,1.96,2.01,2.02,2.08,2.11,2.08,2.09,2.08,1.94,2.04,2.00,1.94,1.94,1.95,1.96,2.00,1.95,1.90
"Ground coffee, 1 kg",18.26,18.29,18.73,20.73,20.86,21.56,21.26,22.70,25.55,24.91,25.32,25.08,25.92,26.11,25.61,26.93,25.82,25.86,25.14,25.50,24.85,25.04,25.22,24.48
"Instant coffee, 100 g",4.71,4.91,4.57,5.13,5.19,5.34,5.32,5.65,5.52,5.67,5.79,5.88,5.93,6.12,5.93,6.16,5.88,5.92,5.88,5.93,5.93,5.91,5.95,5.81
"Black tea, 1 kg",25.66,25.58,25.18,26.16,26.20,26.68,26.40,27.20,27.66,27.01,26.81,26.65,27.15,27.28,27.35,27.84,27.99,26.93,27.32,27.08,27.46,26.94,26.86,27.27
"Tea bags, 50 g",2.70,2.73,2.52,2.63,2.71,2.67,2.74,2.59,2.71,2.71,2.75,2.78,2.77,2.79,2.81,2.82,2.76,2.73,2.70,2.73,2.75,2.77,2.68,2.72
"Mineral water, 1.5 l",0.71,0.73,0.74,0.74,0.72,0.75,0.73,0.73,0.73,0.71,0.71,0.72,0.73,0.71,0.74,0.74,0.71,0.70,0.71,0.69,0.72,0.69,0.72,0.69
"Still mineral water, 1.5 l",0.72,0.71,0.73,0.72,0.71,0.73,0.74,0.74,0.73,0.70,0.71,0.72,0.73,0.72,0.71,0.72,0.70,0.71,0.72,0.70,0.72,0.69,0.71,0.68
"Carbonated soft drinks, 1 l",1.43,1.44,1.36,1.49,1.52,1.52,1.53,1.53,1.55,1.46,1.57,1.53,1.54,1.50,1.48,1.53,1.61,1.50,1.56,1.46,1.53,1.46,1.56,1.55
"Kvass, 1 l",1.17,1.20,1.21,1.21,1.19,1.20,1.17,1.17,1.17,1.14,1.18,1.16,1.16,1.19,1.16,1.18,1.19,1.18,1.14,1.17,1.14,1.13,1.14,1.09
