food,category,fdc_purchased,fdc_eaten,price_eur_per_kg_purchased,digest_row,digest_note,fdc_aa_profile,aa_profile_note
Chicken breast,Meat & fish,171077,171477,7.5,171,Chicken cooked (human),,
Chicken thigh fillet,Meat & fish,173627,172388,6.5,171,Chicken cooked (human),,
Pork shoulder (lean),Meat & fish,168258,167848,5.5,279,Pork loin medium-well (pig),,
Pork loin (lean),Meat & fish,168230,168233,6.5,279,Pork loin medium-well (pig),,
Minced pork,Meat & fish,167902,167903,6.0,247,Pork (pig),,
Minced beef 80/20,Meat & fish,174036,171799,9.0,268,Beef ground cooked (pig),171757,USDA Trp implausible (5.1 mg/g vs ~12 in lean beef); profile from beef top round raw
Beef top round steak,Meat & fish,171757,170235,14.0,164,Beef pan fried (pig),,
Chicken liver,Meat & fish,171060,171061,3.5,171,PROXY chicken cooked (human),,
Canned tuna (drained),Meat & fish,173709,173709,11.5,157,PROXY fish Chinese (human predicted),,
Salmon (farmed),Meat & fish,175167,175168,20.0,157,PROXY fish Chinese (human predicted),,
Pollock fillet,Meat & fish,173725,173726,8.0,157,PROXY fish Chinese (human predicted),171955,no AA data in USDA entry; profile from Atlantic cod raw
Pickled herring,Meat & fish,175118,175118,7.0,157,PROXY fish Chinese (human predicted),,
Mackerel,Meat & fish,175119,175120,7.0,157,PROXY fish Chinese (human predicted),,
Eggs,Eggs & dairy,171287,173424,5.6,172,Egg boiled (human),,
Milk 2%,Eggs & dairy,171267,171267,1.07,193,Skim milk powder (human predicted),,
Kefir,Eggs & dairy,170904,170904,1.3,193,PROXY skim milk powder,171267,no AA data in USDA entry; profile from 2% milk
Cottage cheese / quark,Eggs & dairy,172182,172182,4.5,244,PROXY casein (human),,
Natural yogurt,Eggs & dairy,171284,171284,2.5,193,PROXY skim milk powder,171265,USDA Trp implausible (5.8 vs 12.7 mg/g in milk); profile from whole milk
Hard cheese (Gouda-type),Eggs & dairy,171241,171241,9.5,244,PROXY casein (human),,
Lentils (dry),Legumes & soy,172420,172421,2.6,81,Lentils (pig),,
Split peas (dry),Legumes & soy,172428,172429,1.4,99,Yellow pea pressure cooked (human),,
Kidney beans (dry),Legumes & soy,173744,175194,2.8,80,Kidney bean cooked (pig),,
Chickpeas (dry),Legumes & soy,173756,173757,2.8,68,Chickpea pressure cooked (human),,
Tofu (firm),Legumes & soy,172475,172475,7.5,114,Tofu (pig),174270,USDA Cys implausible (3.3 vs ~14 mg/g in soy); profile from soybeans raw
White rice,Grains & starches,168877,169757,1.8,26,Rice white polished (pig),,
Rolled oats,Grains & starches,173904,173905,1.3,259,Quick oats (pig),,
Pasta,Grains & starches,169736,169737,1.8,35,Wheat durum (pig),,
Buckwheat groats,Grains & starches,170685,170686,2.4,259,PROXY oats (no buckwheat data),,
Pearl barley,Grains & starches,170284,170285,1.2,2,Barley dehulled (pig),,
Rye bread,Grains & starches,172684,172684,3.5,28,PROXY rye grain (pig),,
White bread,Grains & starches,174924,174924,2.5,4,Bread (human predicted),168894,no AA data in USDA entry; profile from white wheat flour
Wheat flour,Ingredients,168894,168894,0.9,37,Wheat flour (human predicted),,
Potatoes,Grains & starches,170028,170440,0.8,49,Potato tuber dried (pig),,
Peanuts (roasted),Nuts & seeds,173806,173806,5.5,79,PROXY peanut flour (pig),,
Peanut butter,Nuts & seeds,172470,172470,7.0,79,PROXY peanut flour (pig),,
Sunflower seeds,Nuts & seeds,170562,170563,4.0,113,Sunflower seeds whole (pig),,
Walnuts,Nuts & seeds,170187,170187,14.0,101,PROXY pistachio roasted (pig),,
Sunflower oil,Ingredients,171025,171025,2.5,,no protein,,
Butter,Ingredients,173430,173430,10.0,244,PROXY casein (human),,
Sugar,Ingredients,169655,169655,1.0,,no protein,,
