geo,country,year,Food,Bread and cereals,Meat,Fish,"Milk, cheese and eggs",Oils and fats,"Fruits, vegetables, potatoes",Other food
EU27_2020,European Union - 27 countries (from 2020),2024,100.0,100.0,100.0,100.0,100.0,100.0,100.0,100.0
EA20,Euro area – 20 countries (2023-2025),2024,103.2,105.6,106.2,100.3,100.2,100.6,103.1,100.9
EA19,Euro area - 19 countries  (2015-2022),2024,103.3,105.6,106.6,100.3,100.1,100.5,103.3,100.7
EA18,Euro area - 18 countries (2014),2024,103.3,105.6,106.9,100.3,99.9,100.3,103.3,100.5
EA17,Euro area - 17 countries (2011-2013),2024,103.3,105.6,107.0,100.3,99.9,100.2,103.3,100.4
EA16,Euro area - 16 countries (2009-2010),2024,103.3,105.6,107.1,100.4,99.8,100.2,103.3,100.3
EA15,Euro area - 15 countries (2008),2024,103.7,106.1,108.1,100.4,100.1,100.3,103.5,100.3
EA13,Euro area - 13 countries (2007),2024,103.7,106.1,108.2,100.4,100.0,100.2,103.5,100.3
EA12,Euro area - 12 countries (2001-2006),2024,103.7,106.1,108.2,100.4,100.0,100.2,103.6,100.2
EA11,Euro area - 11 countries (1999-2000),2024,103.7,106.1,108.6,100.2,99.1,99.4,104.3,99.8
BE,Belgium,2024,105.2,105.0,120.2,104.1,99.5,102.8,100.1,100.7
BG,Bulgaria,2024,87.1,73.1,74.8,83.7,125.7,118.4,81.5,95.8
CZ,Czechia,2024,89.0,86.1,86.9,106.4,92.0,105.4,82.1,97.6
DK,Denmark,2024,119.3,136.2,104.3,129.7,116.3,116.2,111.5,140.6
DE,Germany,2024,102.9,105.7,112.3,117.0,97.1,104.4,103.0,93.8
EE,Estonia,2024,105.3,101.8,95.4,93.1,113.1,114.0,110.7,118.5
IE,Ireland,2024,111.9,116.5,99.9,105.2,111.2,106.0,109.0,137.2
EL,Greece,2024,105.1,105.1,95.2,112.4,130.5,118.0,89.2,128.6
ES,Spain,2024,94.6,95.5,90.5,94.2,93.1,91.4,95.8,106.5
FR,France,2024,111.5,112.5,131.7,110.6,96.0,106.6,119.2,93.7
HR,Croatia,2024,100.5,107.1,86.4,103.5,111.0,103.3,91.4,125.8
IT,Italy,2024,104.0,108.5,105.2,94.4,105.0,89.5,103.3,107.5
CY,Cyprus,2024,104.8,109.3,88.3,101.8,130.8,116.7,98.4,111.8
LV,Latvia,2024,103.1,102.3,81.7,106.5,114.4,124.4,102.9,127.1
LT,Lithuania,2024,99.4,104.9,80.3,90.2,113.9,120.9,97.7,119.2
LU,Luxembourg,2024,125.7,129.1,137.0,115.1,121.1,120.6,124.2,121.4
HU,Hungary,2024,93.9,97.3,78.1,99.8,101.9,109.0,97.7,106.3
MT,Malta,2024,110.9,104.4,98.4,97.9,123.5,130.5,113.8,131.2
NL,Netherlands,2024,97.0,90.5,106.0,93.6,100.6,117.0,95.1,93.8
AT,Austria,2024,110.9,120.0,120.1,125.8,102.8,113.4,103.1,107.2
PL,Poland,2024,85.6,88.7,77.4,94.9,89.8,85.7,88.7,88.3
PT,Portugal,2024,100.6,102.5,87.9,91.0,107.5,102.4,98.5,138.0
RO,Romania,2024,74.6,56.0,72.9,83.0,106.5,86.7,69.9,90.2
SI,Slovenia,2024,99.3,107.0,95.1,94.6,106.1,103.5,88.3,112.9
SK,Slovakia,2024,82.9,82.9,70.2,93.9,86.3,96.1,84.2,99.4
FI,Finland,2024,108.4,114.6,102.1,106.4,106.4,111.8,112.4,113.7
SE,Sweden,2024,106.7,108.6,106.2,100.9,100.8,115.5,115.7,107.8
IS,Iceland,2024,146.3,150.8,172.5,110.1,171.7,122.4,136.1,140.1
NO,Norway,2024,130.6,128.8,140.0,103.3,132.0,115.3,136.1,132.3
CH,Switzerland,2024,161.1,163.0,207.7,165.6,147.2,169.9,137.0,154.6
CPC1,Candidate and potential candidate countries except Türkiye and Kosovo* (under United Nations Security Council Resolution 1244/99),2024,89.2,82.7,83.3,96.1,107.0,94.9,78.6,108.2
BA,Bosnia and Herzegovina,2024,82.5,79.5,78.7,83.4,95.6,86.1,71.9,97.7
ME,Montenegro,2024,82.6,81.1,70.1,96.1,96.7,87.4,75.8,108.3
MK,North Macedonia,2024,73.0,66.5,79.1,76.4,91.2,72.2,60.0,84.9
AL,Albania,2024,98.7,82.3,91.1,93.0,131.5,97.8,89.2,124.8
RS,Serbia,2024,95.7,89.4,86.2,109.9,111.1,108.2,88.4,115.1
TR,Türkiye,2024,75.7,67.8,74.1,85.2,100.6,87.9,62.8,84.4
